audit_id,note_id,auditor_mds_id,audited_at_utc,rubric_version,score_accuracy,score_completeness,score_formatting,score_terminology,score_hpi,score_ros,score_plan,composite_score,pass_fail
AU-10001,NT-000001,MD-223,2026-03-28 07:52:26,v1,1.0,1.0,1.0,1.0,0.9828,0.9881,1.0,0.9977,PASS
AU-10002,NT-000002,MD-207,2026-03-27 15:51:54,v1,0.8587,0.8113,0.9634,0.9291,0.8684,0.8665,0.9713,0.885,PASS
AU-10003,NT-000003,MD-233,2026-03-27 08:35:40,v1,0.8207,0.8254,0.94,0.9151,0.8369,0.8438,0.9329,0.8626,PASS
AU-10004,NT-000013,MD-214,2026-03-27 08:38:55,v1,0.8385,1.0,0.8945,0.9437,0.9314,0.9747,0.9261,0.9162,PASS
AU-10005,NT-000015,MD-202,2026-03-28 02:32:31,v1,1.0,1.0,1.0,1.0,0.9719,0.9677,0.9918,0.9943,PASS
AU-10006,NT-000018,MD-234,2026-03-26 09:04:00,v1,0.9376,0.9678,0.8985,0.9179,0.8814,0.8791,0.8754,0.9199,PASS
AU-10007,NT-000023,MD-232,2026-03-26 01:49:09,v1,0.7529,0.7445,0.7805,0.793,0.7826,0.8667,0.8232,0.7772,FAIL
AU-10008,NT-000026,MD-229,2026-03-26 19:00:21,v1,0.8488,0.8278,0.8717,0.7734,0.9709,0.8831,0.8622,0.8553,PASS
AU-10009,NT-000031,MD-213,2026-03-26 11:32:28,v1,0.8168,0.8703,1.0,0.9268,0.9145,0.868,0.916,0.884,PASS
AU-10010,NT-000035,MD-209,2026-03-28 23:22:02,v1,0.8786,0.7854,0.9648,0.9156,0.8311,0.8814,0.8535,0.8639,PASS
AU-10011,NT-000036,MD-215,2026-03-27 11:24:31,v1,0.9831,0.8686,0.8787,0.9408,0.8814,0.962,0.9255,0.9257,PASS
AU-10012,NT-000041,MD-224,2026-03-29 15:33:28,v1,0.8992,0.9065,0.9116,1.0,0.9424,0.959,0.9125,0.9213,PASS
AU-10013,NT-000042,MD-225,2026-03-26 14:11:44,v1,0.773,0.9252,0.7744,0.8418,0.7727,0.864,0.7508,0.8117,FAIL
AU-10014,NT-000043,MD-204,2026-03-28 00:04:35,v1,0.9186,0.9183,0.946,0.8895,0.8592,0.809,0.8909,0.9028,PASS
AU-10015,NT-000044,MD-210,2026-03-26 01:31:43,v1,0.9903,0.9245,0.9269,1.0,1.0,0.861,1.0,0.9677,PASS
AU-10016,NT-000045,MD-232,2026-03-26 09:39:27,v1,1.0,0.8439,0.9496,0.9072,0.9363,1.0,0.9956,0.9474,PASS
AU-10017,NT-000050,MD-229,2026-03-27 16:44:34,v1,0.8743,0.9389,0.9498,0.8569,0.9327,0.8589,0.9254,0.9057,PASS
AU-10018,NT-000057,MD-211,2026-03-29 13:23:38,v1,0.8621,0.906,0.8747,0.9104,0.9348,0.7649,0.9106,0.8866,PASS
AU-10019,NT-000058,MD-230,2026-03-28 02:12:08,v1,0.9678,0.9229,0.8987,0.966,0.8447,0.8909,0.9454,0.9322,PASS
AU-10020,NT-000065,MD-225,2026-03-27 12:07:32,v1,1.0,0.9512,1.0,1.0,1.0,0.9953,0.9526,0.9829,PASS
AU-10021,NT-000067,MD-201,2026-03-28 21:56:37,v1,0.9644,0.8615,0.9066,0.9392,1.0,0.9715,0.9744,0.941,PASS
AU-10022,NT-000068,MD-221,2026-03-28 11:32:19,v1,0.9443,0.9973,0.9039,1.0,0.9445,0.887,0.9648,0.9567,PASS
AU-10023,NT-000072,MD-228,2026-03-26 20:42:40,v1,0.8481,0.8452,0.8363,0.7896,0.7808,0.7642,0.7997,0.8223,FAIL
AU-10024,NT-000078,MD-222,2026-03-27 16:46:03,v1,0.9478,0.8673,0.8811,0.8809,0.8937,0.8925,0.9924,0.9168,PASS
AU-10025,NT-000079,MD-204,2026-03-28 14:02:47,v1,0.9124,0.9263,0.8964,0.8248,0.8792,0.9067,0.8237,0.8879,PASS
AU-10026,NT-000080,MD-226,2026-03-26 04:29:51,v1,0.8942,1.0,0.96,0.9265,1.0,0.9805,0.9158,0.9433,PASS
AU-10027,NT-000081,MD-217,2026-03-29 00:45:26,v1,0.9049,0.9755,0.8516,1.0,0.9395,0.9867,0.9308,0.9346,PASS
AU-10028,NT-000086,MD-223,2026-03-27 04:53:39,v1,1.0,0.9937,0.9724,0.9215,0.9814,1.0,0.9825,0.9836,PASS
AU-10029,NT-000088,MD-218,2026-03-29 17:13:34,v1,0.8755,0.9377,0.9147,0.916,0.9502,0.8956,0.7977,0.8927,PASS
AU-10030,NT-000089,MD-213,2026-03-30 15:36:47,v1,0.9714,0.8688,0.7493,0.9787,0.8675,0.9332,0.9439,0.913,PASS
AU-10031,NT-000091,MD-227,2026-03-27 03:07:18,v1,0.949,0.899,0.9147,0.9658,0.9308,0.9394,0.9112,0.9293,PASS
AU-10032,NT-000096,MD-231,2026-03-28 16:32:46,v1,0.964,0.9611,0.9903,0.9773,1.0,0.9515,0.9294,0.9652,PASS
AU-10033,NT-000102,MD-210,2026-03-27 22:01:06,v1,0.8994,0.8107,0.8637,0.8977,0.864,0.9056,0.8204,0.8628,PASS
AU-10034,NT-000104,MD-215,2026-03-27 18:11:50,v1,0.8766,0.7903,0.8622,0.8682,0.888,0.9079,0.8121,0.8501,PASS
AU-10035,NT-000121,MD-234,2026-03-27 23:13:51,v1,1.0,0.8809,0.9932,0.9482,0.9301,0.9976,0.9357,0.9536,PASS
AU-10036,NT-000129,MD-229,2026-03-27 17:29:34,v1,0.8575,0.8943,0.8244,0.846,0.9441,0.9633,0.9329,0.8857,PASS
AU-10037,NT-000132,MD-234,2026-03-29 21:25:29,v1,0.9444,0.939,0.9952,0.9848,0.8691,1.0,1.0,0.956,PASS
AU-10038,NT-000133,MD-213,2026-03-28 03:34:58,v1,0.8815,0.8399,0.9543,0.9247,0.9175,0.9059,0.9735,0.9034,PASS
AU-10039,NT-000134,MD-219,2026-03-29 19:46:02,v1,0.97,0.903,0.9367,0.9331,0.8599,1.0,0.9983,0.9443,PASS
AU-10040,NT-000142,MD-229,2026-03-29 08:41:17,v1,0.9584,1.0,0.9832,0.9271,0.9313,0.9409,0.9364,0.9592,PASS
AU-10041,NT-000147,MD-210,2026-03-28 12:12:12,v1,1.0,0.8827,0.8706,1.0,0.9747,0.9013,0.956,0.9495,PASS
AU-10042,NT-000153,MD-228,2026-03-28 13:26:57,v1,0.8661,0.9129,0.9201,0.807,0.9714,0.8581,0.9297,0.8946,PASS
AU-10043,NT-000160,MD-208,2026-03-30 02:59:52,v1,1.0,1.0,0.9618,0.9189,0.9894,0.9042,0.9793,0.9791,PASS
AU-10044,NT-000162,MD-226,2026-03-30 11:19:47,v1,0.9291,0.9597,0.8332,0.8334,0.8654,0.8298,0.8512,0.893,PASS
AU-10045,NT-000165,MD-228,2026-03-28 22:29:12,v1,0.9886,0.9699,0.9454,0.9637,0.9783,1.0,0.9129,0.9662,PASS
AU-10046,NT-000166,MD-207,2026-03-31 02:34:48,v1,0.9311,0.9509,0.9464,0.8901,0.9981,0.8191,0.9039,0.9295,PASS
AU-10047,NT-000171,MD-201,2026-03-31 08:33:00,v1,0.7803,0.7635,0.7485,0.7724,0.7215,0.6665,0.772,0.7602,FAIL
AU-10048,NT-000175,MD-209,2026-03-27 23:31:07,v1,0.9883,1.0,0.8651,0.9468,0.891,0.8412,0.8658,0.9387,PASS
AU-10049,NT-000177,MD-203,2026-03-30 19:40:11,v1,0.8589,0.8652,1.0,0.9587,0.9913,0.9635,0.9336,0.9139,PASS
AU-10050,NT-000179,MD-213,2026-03-30 16:45:45,v1,0.9923,0.9465,0.9051,0.958,0.8967,0.9317,0.8434,0.9361,PASS
AU-10051,NT-000183,MD-201,2026-03-28 13:39:46,v1,0.903,0.9315,0.9773,0.9156,0.9393,0.9646,0.9367,0.9292,PASS
AU-10052,NT-000187,MD-214,2026-03-29 05:01:55,v1,0.8917,0.8657,0.7491,0.8551,0.923,0.8686,0.8599,0.8658,PASS
AU-10053,NT-000191,MD-213,2026-03-30 04:03:50,v1,0.9267,0.9272,1.0,0.7797,0.9754,0.9167,0.9012,0.92,PASS
AU-10054,NT-000196,MD-217,2026-03-28 15:10:20,v1,1.0,0.9644,0.982,0.8743,0.8514,0.8712,0.9149,0.9445,PASS
AU-10055,NT-000202,MD-223,2026-03-28 22:19:22,v1,1.0,0.903,1.0,0.9717,0.9486,1.0,0.9193,0.9605,PASS
AU-10056,NT-000203,MD-205,2026-03-30 13:26:49,v1,0.9802,0.7914,0.8697,0.8671,0.8716,0.9451,0.8502,0.8879,PASS
AU-10057,NT-000208,MD-208,2026-03-28 16:00:24,v1,0.8279,0.8583,0.7864,0.7993,0.9066,0.8642,0.8859,0.8454,FAIL
AU-10058,NT-000211,MD-216,2026-03-30 05:25:13,v1,0.9877,0.9164,0.861,1.0,0.9478,0.7835,0.9681,0.9449,PASS
AU-10059,NT-000214,MD-226,2026-03-31 02:03:44,v1,0.9388,0.8224,0.8453,0.8443,0.7652,0.9575,0.762,0.8538,PASS
AU-10060,NT-000215,MD-210,2026-03-29 10:29:07,v1,1.0,1.0,1.0,0.9204,1.0,1.0,0.9611,0.9862,PASS
AU-10061,NT-000218,MD-215,2026-03-29 09:01:44,v1,1.0,1.0,1.0,0.945,1.0,0.9369,1.0,0.9913,PASS
AU-10062,NT-000219,MD-230,2026-03-31 05:27:23,v1,0.8517,0.9733,0.992,0.9397,0.9575,0.9795,0.9581,0.9318,PASS
AU-10063,NT-000221,MD-206,2026-03-29 10:12:42,v1,0.8383,0.8696,0.8208,0.8852,0.7883,0.8434,0.8338,0.8421,FAIL
AU-10064,NT-000225,MD-218,2026-03-28 04:43:50,v1,0.8574,0.7842,0.7766,0.8492,0.8409,0.8451,0.8315,0.8277,FAIL
AU-10065,NT-000229,MD-217,2026-03-28 20:06:54,v1,0.8782,0.8783,0.865,0.8523,0.7588,0.8147,0.8651,0.8572,PASS
AU-10066,NT-000231,MD-228,2026-03-29 11:42:14,v1,0.9499,0.9138,0.9785,0.9354,0.9132,0.9329,0.973,0.943,PASS
AU-10067,NT-000235,MD-214,2026-03-28 21:28:43,v1,1.0,0.9255,1.0,0.9368,1.0,1.0,0.9568,0.9723,PASS
AU-10068,NT-000245,MD-213,2026-03-30 09:02:02,v1,0.7613,0.8317,0.8303,0.9428,0.8434,0.8513,0.7681,0.8142,FAIL
AU-10069,NT-000248,MD-222,2026-03-29 07:11:24,v1,0.9067,0.9269,0.8292,1.0,0.8538,0.8291,0.9564,0.9106,PASS
AU-10070,NT-000249,MD-201,2026-03-30 23:52:35,v1,0.9889,0.9252,1.0,0.9455,0.9594,1.0,0.9955,0.9715,PASS
AU-10071,NT-000251,MD-203,2026-03-31 03:32:38,v1,0.9162,1.0,1.0,0.8821,0.9933,0.9689,1.0,0.9608,PASS
AU-10072,NT-000252,MD-232,2026-04-01 04:57:08,v1,0.8646,0.8697,0.9403,0.8929,0.8464,0.8502,0.8394,0.8697,PASS
AU-10073,NT-000258,MD-204,2026-03-31 15:41:44,v1,0.9796,0.9406,0.9339,1.0,0.9565,0.924,1.0,0.9672,PASS
AU-10074,NT-000262,MD-209,2026-04-01 18:51:09,v1,0.8812,0.7263,0.8382,0.8203,0.7658,0.8328,0.7121,0.8005,FAIL
AU-10075,NT-000265,MD-214,2026-04-01 19:35:25,v1,0.886,0.9342,0.9128,0.9565,0.8879,0.8438,0.9319,0.9103,PASS
AU-10076,NT-000267,MD-230,2026-03-31 09:16:54,v1,1.0,0.9805,1.0,0.9543,0.9842,1.0,1.0,0.9899,PASS
AU-10077,NT-000271,MD-216,2026-04-02 18:48:21,v1,0.9321,1.0,0.9257,0.951,0.9589,0.8546,0.9421,0.9472,PASS
AU-10078,NT-000272,MD-202,2026-04-01 11:27:20,v1,1.0,0.9549,1.0,0.943,0.92,1.0,0.9606,0.9714,PASS
AU-10079,NT-000274,MD-204,2026-04-02 01:28:27,v1,0.9551,0.9802,1.0,0.9559,1.0,0.9885,0.9992,0.9775,PASS
AU-10080,NT-000282,MD-217,2026-04-02 10:51:44,v1,0.8754,0.9371,0.8125,0.9437,0.699,0.9579,0.7668,0.8585,PASS
AU-10081,NT-000283,MD-222,2026-03-31 14:44:30,v1,0.6446,0.6391,0.4784,0.4802,0.5562,0.5731,0.5101,0.5779,FAIL
AU-10082,NT-000289,MD-207,2026-03-31 07:48:52,v1,0.9135,0.9174,0.8659,0.8885,0.8859,0.9383,0.9042,0.9041,PASS
AU-10083,NT-000292,MD-206,2026-03-31 22:59:12,v1,0.8879,0.9337,1.0,1.0,1.0,1.0,1.0,0.9531,PASS
AU-10084,NT-000293,MD-212,2026-04-03 10:50:43,v1,1.0,0.9824,0.9937,1.0,1.0,0.9488,0.9088,0.9796,PASS
AU-10085,NT-000295,MD-221,2026-03-31 14:02:06,v1,1.0,1.0,0.8933,1.0,0.9219,1.0,0.9587,0.9753,PASS
AU-10086,NT-000296,MD-230,2026-04-01 20:37:18,v1,0.9443,1.0,0.8815,0.9837,1.0,1.0,0.9419,0.9611,PASS
AU-10087,NT-000297,MD-212,2026-04-03 08:49:32,v1,0.8831,0.872,0.8807,0.8374,0.8838,0.9661,0.9133,0.8848,PASS
AU-10088,NT-000298,MD-227,2026-04-03 12:36:37,v1,0.9259,1.0,1.0,1.0,0.9819,1.0,1.0,0.976,PASS
AU-10089,NT-000300,MD-233,2026-04-01 07:27:35,v1,0.9584,0.8704,0.9891,0.9207,0.9403,0.9916,0.9796,0.9431,PASS
AU-10090,NT-000301,MD-226,2026-04-03 04:38:48,v1,0.8528,0.8775,0.9456,0.8397,0.8641,0.8805,0.842,0.8666,PASS
AU-10091,NT-000303,MD-234,2026-04-02 14:46:19,v1,0.943,1.0,1.0,0.943,1.0,0.9193,0.978,0.9699,PASS
AU-10092,NT-000316,MD-211,2026-04-01 03:42:22,v1,0.8914,1.0,0.9073,0.9949,1.0,1.0,0.9651,0.9524,PASS
AU-10093,NT-000322,MD-209,2026-03-31 21:50:53,v1,1.0,0.9402,1.0,0.9711,0.9327,0.918,1.0,0.9743,PASS
AU-10094,NT-000325,MD-224,2026-04-03 12:01:30,v1,0.9249,1.0,1.0,1.0,1.0,1.0,0.9756,0.9738,PASS
AU-10095,NT-000327,MD-228,2026-04-03 07:14:49,v1,1.0,0.8924,1.0,1.0,0.9655,0.911,0.9336,0.9606,PASS
AU-10096,NT-000328,MD-229,2026-04-01 16:33:18,v1,0.8648,0.8651,0.8051,0.95,0.8538,0.92,0.8828,0.8718,PASS
AU-10097,NT-000339,MD-214,2026-04-01 15:17:52,v1,0.8427,0.8374,0.9115,0.926,0.8946,0.929,0.8897,0.8734,PASS
AU-10098,NT-000342,MD-226,2026-04-01 05:54:36,v1,1.0,0.9364,1.0,1.0,1.0,0.9046,0.998,0.9822,PASS
AU-10099,NT-000345,MD-212,2026-04-02 08:22:55,v1,0.9692,0.9449,0.8642,0.9324,0.8706,0.7863,0.9603,0.9298,PASS
AU-10100,NT-000346,MD-219,2026-03-30 23:32:32,v1,1.0,1.0,0.9683,0.94,1.0,1.0,1.0,0.9908,PASS
AU-10101,NT-000350,MD-211,2026-03-31 14:42:57,v1,1.0,0.9809,0.9718,0.9754,1.0,0.9093,0.9908,0.985,PASS
AU-10102,NT-000358,MD-214,2026-04-04 12:11:38,v1,0.8567,0.8113,0.9403,0.9158,0.9407,1.0,0.8934,0.883,PASS
AU-10103,NT-000360,MD-205,2026-04-02 07:48:15,v1,0.9016,0.9468,1.0,0.9413,1.0,1.0,1.0,0.954,PASS
AU-10104,NT-000362,MD-222,2026-04-01 19:30:53,v1,0.8954,0.945,0.979,0.9191,0.9615,0.8936,0.8394,0.9142,PASS
AU-10105,NT-000363,MD-215,2026-04-03 12:47:47,v1,0.9852,0.8924,0.9581,1.0,0.8764,0.8958,0.8764,0.9337,PASS
AU-10106,NT-000364,MD-209,2026-04-01 03:54:59,v1,0.965,0.9183,1.0,0.9586,0.9491,0.9818,0.9209,0.9512,PASS
AU-10107,NT-000365,MD-220,2026-04-01 05:36:43,v1,0.7479,0.8193,0.7923,0.8814,0.8229,0.8024,0.8849,0.8107,FAIL
AU-10108,NT-000367,MD-207,2026-04-03 13:18:47,v1,0.8756,0.8536,0.8407,0.949,0.9755,0.988,0.9417,0.9006,PASS
AU-10109,NT-000372,MD-226,2026-04-02 16:54:32,v1,0.9198,1.0,0.8863,1.0,1.0,1.0,0.9502,0.9571,PASS
AU-10110,NT-000376,MD-209,2026-04-04 10:39:41,v1,0.7932,0.777,0.8468,0.8926,0.884,0.8368,0.9017,0.8328,FAIL
AU-10111,NT-000377,MD-230,2026-04-02 23:29:19,v1,0.9256,0.9096,0.8987,0.9339,0.9135,0.9051,0.9379,0.9202,PASS
AU-10112,NT-000384,MD-221,2026-04-03 08:05:05,v1,1.0,1.0,0.913,1.0,0.9948,1.0,1.0,0.9908,PASS
AU-10113,NT-000387,MD-217,2026-04-02 21:26:14,v1,0.9787,0.8816,0.9772,1.0,0.8749,0.8168,0.8545,0.9241,PASS
AU-10114,NT-000392,MD-223,2026-04-04 15:14:11,v1,0.997,0.9205,0.9049,0.8983,0.8954,0.8997,0.8911,0.9317,PASS
AU-10115,NT-000395,MD-219,2026-04-01 16:18:50,v1,0.9402,0.9117,0.8373,0.8976,0.8702,0.8124,0.7528,0.8784,PASS
AU-10116,NT-000402,MD-224,2026-04-02 06:51:19,v1,0.9892,1.0,1.0,0.9029,1.0,0.9148,1.0,0.9828,PASS
AU-10117,NT-000404,MD-228,2026-04-01 14:46:42,v1,0.9673,1.0,1.0,0.9985,0.9606,0.989,0.9637,0.9801,PASS
AU-10118,NT-000410,MD-212,2026-04-01 08:47:19,v1,1.0,0.7781,0.8003,0.7541,0.8412,0.8579,0.891,0.8717,PASS
AU-10119,NT-000412,MD-213,2026-04-03 23:07:20,v1,0.9479,0.9178,0.832,0.8865,0.8404,0.8561,0.9727,0.9125,PASS
AU-10120,NT-000416,MD-226,2026-04-03 00:55:54,v1,0.8832,1.0,0.8817,1.0,1.0,0.881,1.0,0.9472,PASS
AU-10121,NT-000420,MD-233,2026-04-03 20:04:11,v1,0.8835,0.9364,0.9423,0.9803,0.8838,0.8885,0.968,0.9226,PASS
AU-10122,NT-000423,MD-214,2026-04-02 07:07:15,v1,0.9657,0.9835,0.8686,0.7848,0.8652,1.0,0.9149,0.9255,PASS
AU-10123,NT-000424,MD-203,2026-04-02 12:33:41,v1,1.0,0.8997,0.9777,1.0,1.0,0.9538,1.0,0.9754,PASS
AU-10124,NT-000428,MD-217,2026-04-05 00:51:48,v1,0.841,0.9693,0.923,0.9305,0.9879,0.9143,0.9181,0.9137,PASS
AU-10125,NT-000433,MD-213,2026-04-04 23:02:47,v1,0.9597,0.943,0.889,0.9561,1.0,0.9072,1.0,0.9564,PASS
AU-10126,NT-000437,MD-209,2026-04-03 07:06:06,v1,1.0,0.9323,0.9841,0.9995,1.0,0.9795,1.0,0.9838,PASS
AU-10127,NT-000446,MD-211,2026-04-04 02:44:25,v1,0.9822,1.0,0.9757,0.9463,0.9034,1.0,1.0,0.9772,PASS
AU-10128,NT-000456,MD-231,2026-04-02 12:56:59,v1,0.9908,0.9381,0.9491,0.9437,0.9684,0.9594,0.9021,0.9543,PASS
AU-10129,NT-000462,MD-221,2026-04-03 06:47:17,v1,1.0,0.9037,1.0,0.9271,0.9971,0.9578,0.9263,0.96,PASS
AU-10130,NT-000465,MD-234,2026-04-04 22:06:01,v1,1.0,0.9551,1.0,0.8906,0.9861,0.8223,0.9963,0.9693,PASS
AU-10131,NT-000467,MD-225,2026-04-02 02:13:50,v1,0.5745,0.5188,0.5585,0.5631,0.5067,0.5576,0.54,0.5478,FAIL
AU-10132,NT-000468,MD-215,2026-04-03 01:47:08,v1,0.9094,0.9936,0.9313,0.8368,0.9509,0.8795,1.0,0.9374,PASS
AU-10133,NT-000469,MD-212,2026-04-05 03:16:02,v1,1.0,0.9303,0.9603,0.9251,0.918,0.9272,0.9222,0.9511,PASS
AU-10134,NT-000472,MD-230,2026-04-04 05:40:37,v1,0.9748,0.986,0.9715,0.9716,1.0,0.965,1.0,0.9822,PASS
AU-10135,NT-000474,MD-217,2026-04-02 00:09:12,v1,0.9526,1.0,0.9756,0.888,0.9294,0.9843,0.9687,0.9596,PASS
AU-10136,NT-000477,MD-202,2026-04-04 04:44:46,v1,0.7313,0.7347,0.8021,0.6949,0.8246,0.7765,0.7891,0.7557,FAIL
AU-10137,NT-000478,MD-226,2026-04-04 06:58:26,v1,0.9742,0.9983,0.9614,0.9801,1.0,0.9935,1.0,0.9858,PASS
AU-10138,NT-000483,MD-214,2026-04-05 21:02:26,v1,0.9404,1.0,0.9452,0.9724,0.9715,1.0,1.0,0.971,PASS
AU-10139,NT-000487,MD-202,2026-04-02 22:16:37,v1,0.6338,0.4625,0.4789,0.5247,0.5879,0.5769,0.4859,0.5435,FAIL
AU-10140,NT-000494,MD-232,2026-04-05 00:41:47,v1,0.9506,0.9363,0.8874,0.9763,0.9539,0.9828,0.9904,0.9519,PASS
AU-10141,NT-000495,MD-228,2026-04-06 17:43:15,v1,0.8908,0.9798,0.851,1.0,0.9983,0.9204,0.9535,0.9372,PASS
AU-10142,NT-000498,MD-202,2026-04-05 02:35:28,v1,0.8678,0.8951,0.9283,0.8356,0.9028,0.888,0.9359,0.8908,PASS
AU-10143,NT-000502,MD-208,2026-04-06 05:04:59,v1,1.0,1.0,0.993,0.9075,0.9745,1.0,0.969,0.9828,PASS
AU-10144,NT-000504,MD-234,2026-04-05 18:01:43,v1,0.7591,0.7695,0.8414,0.8465,0.7847,0.7836,0.7972,0.7876,FAIL
AU-10145,NT-000506,MD-225,2026-04-04 00:34:50,v1,0.9071,0.8868,1.0,0.803,0.9692,0.9618,0.9821,0.9221,PASS
AU-10146,NT-000509,MD-222,2026-04-06 09:40:01,v1,1.0,0.9707,1.0,1.0,0.9225,0.9819,0.9803,0.9825,PASS
AU-10147,NT-000514,MD-206,2026-04-06 05:36:04,v1,0.9575,0.9355,0.8401,0.9549,0.9943,0.935,0.954,0.9431,PASS
AU-10148,NT-000517,MD-214,2026-04-04 20:36:10,v1,0.8876,0.9983,0.8726,0.8866,0.8327,0.8932,0.9947,0.919,PASS
AU-10149,NT-000520,MD-225,2026-04-05 05:11:07,v1,1.0,1.0,0.8513,1.0,0.9986,1.0,0.7921,0.9538,PASS
AU-10150,NT-000526,MD-207,2026-04-05 11:35:36,v1,1.0,0.947,0.9964,0.9719,0.8181,0.9393,0.9872,0.9631,PASS
AU-10151,NT-000527,MD-229,2026-04-03 22:50:05,v1,0.941,0.87,0.9618,0.9302,0.9481,0.9376,0.9672,0.9323,PASS
AU-10152,NT-000531,MD-212,2026-04-05 12:00:25,v1,0.9151,0.9916,0.8355,0.9777,0.936,0.9948,0.9757,0.9438,PASS
AU-10153,NT-000532,MD-201,2026-04-05 05:51:29,v1,0.9506,0.9649,0.9514,0.7747,1.0,0.8796,1.0,0.9448,PASS
AU-10154,NT-000535,MD-204,2026-04-05 01:13:00,v1,0.911,0.907,0.8729,0.8854,0.8796,0.8926,0.8865,0.8961,PASS
AU-10155,NT-000540,MD-220,2026-04-04 02:53:32,v1,1.0,0.9488,1.0,0.9831,1.0,0.961,0.96,0.9801,PASS
AU-10156,NT-000546,MD-213,2026-04-06 02:13:37,v1,0.9646,0.9246,0.9547,0.8958,0.9892,0.9923,0.9716,0.9536,PASS
AU-10157,NT-000548,MD-229,2026-04-06 04:49:44,v1,0.9366,1.0,0.9924,0.9233,0.9789,0.9666,1.0,0.9688,PASS
AU-10158,NT-000549,MD-223,2026-04-03 23:38:36,v1,0.8292,0.8161,0.8795,0.8495,0.8693,0.8183,0.8979,0.8474,FAIL
AU-10159,NT-000550,MD-231,2026-04-05 10:01:18,v1,0.988,0.9634,0.934,1.0,1.0,1.0,0.9914,0.9812,PASS
AU-10160,NT-000559,MD-210,2026-04-06 00:19:54,v1,0.9147,1.0,1.0,0.9133,0.9851,1.0,0.9494,0.9567,PASS
AU-10161,NT-000565,MD-233,2026-04-04 15:43:46,v1,0.9434,0.8754,0.8394,0.9799,1.0,0.9164,0.9649,0.9306,PASS
AU-10162,NT-000571,MD-233,2026-04-04 15:45:18,v1,1.0,1.0,0.9089,1.0,0.9447,0.9241,1.0,0.9816,PASS
AU-10163,NT-000573,MD-213,2026-04-04 13:49:13,v1,1.0,0.9661,0.9483,1.0,0.9902,0.9653,0.9271,0.9744,PASS
AU-10164,NT-000583,MD-210,2026-04-06 06:45:38,v1,0.9514,0.9511,1.0,0.9389,1.0,1.0,0.9838,0.9671,PASS
AU-10165,NT-000589,MD-230,2026-04-03 23:05:19,v1,1.0,1.0,1.0,1.0,0.9636,1.0,0.9257,0.9852,PASS
AU-10166,NT-000592,MD-212,2026-04-05 12:30:49,v1,0.8752,0.9361,1.0,0.8814,0.8407,0.8981,0.8801,0.8989,PASS
AU-10167,NT-000593,MD-211,2026-04-07 04:52:14,v1,1.0,1.0,1.0,0.988,1.0,1.0,1.0,0.9988,PASS
AU-10168,NT-000595,MD-234,2026-04-07 10:38:45,v1,1.0,0.8495,0.9027,1.0,0.9675,0.8763,0.9706,0.9463,PASS
AU-10169,NT-000596,MD-209,2026-04-07 06:05:52,v1,0.8307,1.0,0.8885,0.8974,0.8487,0.8588,0.8829,0.888,PASS
AU-10170,NT-000602,MD-225,2026-04-04 14:04:47,v1,0.9089,0.8699,0.8835,0.8503,0.8563,0.8712,0.821,0.8724,PASS
AU-10171,NT-000603,MD-210,2026-04-05 22:02:27,v1,0.8512,0.9681,0.9465,1.0,0.9354,0.9744,0.9265,0.9249,PASS
AU-10172,NT-000605,MD-227,2026-04-05 16:47:14,v1,0.9022,0.9553,0.8894,0.8448,0.8684,0.8214,0.8786,0.8948,PASS
AU-10173,NT-000609,MD-214,2026-04-05 18:03:11,v1,0.8728,1.0,0.9442,0.9293,0.8208,0.8562,0.9334,0.9141,PASS
AU-10174,NT-000610,MD-222,2026-04-06 05:13:03,v1,0.94,1.0,0.96,0.9433,0.9749,0.9333,0.924,0.9551,PASS
AU-10175,NT-000619,MD-215,2026-04-06 22:13:45,v1,0.9013,1.0,0.9517,0.9969,1.0,0.8278,0.9167,0.9442,PASS
AU-10176,NT-000621,MD-209,2026-04-07 00:58:23,v1,0.9452,0.8993,0.928,0.8868,0.8416,0.8783,0.81,0.8945,PASS
AU-10177,NT-000627,MD-208,2026-04-05 16:54:08,v1,0.9362,0.9823,0.9774,0.9054,0.885,0.9668,0.9713,0.9481,PASS
AU-10178,NT-000633,MD-233,2026-04-08 04:12:24,v1,0.9064,0.9028,0.9272,0.8308,0.939,0.8805,0.9221,0.9045,PASS
AU-10179,NT-000638,MD-219,2026-04-07 06:37:41,v1,0.9813,0.9997,0.9827,0.9928,0.962,0.9104,0.9764,0.9801,PASS
AU-10180,NT-000639,MD-231,2026-04-08 16:16:12,v1,0.9476,0.906,0.9295,0.9537,1.0,0.9922,0.9595,0.9473,PASS
AU-10181,NT-000640,MD-226,2026-04-05 20:42:01,v1,1.0,1.0,1.0,1.0,1.0,1.0,0.909,0.9864,PASS
AU-10182,NT-000641,MD-224,2026-04-06 23:44:35,v1,0.9421,0.8567,0.8485,0.9231,0.8801,0.9083,0.957,0.9081,PASS
AU-10183,NT-000647,MD-212,2026-04-06 15:54:45,v1,1.0,0.9801,0.8984,1.0,0.8904,0.8314,0.8803,0.9485,PASS
AU-10184,NT-000648,MD-208,2026-04-07 12:35:32,v1,0.8617,1.0,0.9076,0.9718,0.8929,0.9078,0.9835,0.9287,PASS
AU-10185,NT-000656,MD-215,2026-04-07 10:05:29,v1,0.9767,0.935,0.8991,0.9073,0.9788,0.9055,0.8852,0.9366,PASS
AU-10186,NT-000661,MD-219,2026-04-06 23:36:13,v1,0.8935,0.9926,0.947,0.9056,0.8607,0.9415,0.8588,0.9138,PASS
AU-10187,NT-000663,MD-226,2026-04-09 11:18:20,v1,1.0,1.0,1.0,0.9975,0.9227,0.9672,0.9893,0.9888,PASS
AU-10188,NT-000666,MD-231,2026-04-06 15:25:00,v1,0.8714,0.7749,0.8916,0.9657,0.729,0.8985,0.8301,0.8445,FAIL
AU-10189,NT-000669,MD-232,2026-04-07 14:13:49,v1,0.89,0.8639,0.8689,0.9289,1.0,0.9478,0.8311,0.8916,PASS
AU-10190,NT-000670,MD-224,2026-04-08 02:14:19,v1,0.8468,0.9069,0.8904,0.8846,0.762,0.8239,0.8438,0.8569,PASS
AU-10191,NT-000672,MD-213,2026-04-09 08:08:55,v1,0.9139,0.9151,0.8778,1.0,0.9572,0.9337,0.9996,0.9373,PASS
AU-10192,NT-000676,MD-224,2026-04-09 17:48:08,v1,0.9589,1.0,0.9225,1.0,1.0,1.0,1.0,0.9799,PASS
AU-10193,NT-000685,MD-233,2026-04-06 04:54:53,v1,0.968,0.9457,0.9755,1.0,0.9889,0.9867,1.0,0.9753,PASS
AU-10194,NT-000686,MD-213,2026-04-10 13:21:25,v1,0.9603,1.0,0.9745,1.0,0.9519,1.0,0.9758,0.9771,PASS
AU-10195,NT-000688,MD-205,2026-04-09 09:11:49,v1,1.0,1.0,0.9567,0.9632,1.0,1.0,0.9803,0.989,PASS
AU-10196,NT-000689,MD-221,2026-04-08 04:46:19,v1,0.9564,0.9413,0.9327,0.8207,0.9923,0.9036,0.9876,0.9431,PASS
AU-10197,NT-000691,MD-209,2026-04-10 00:53:38,v1,1.0,1.0,1.0,0.9968,0.9554,0.9833,0.9777,0.991,PASS
AU-10198,NT-000692,MD-214,2026-04-08 16:53:48,v1,0.9687,0.9098,0.9231,1.0,1.0,1.0,0.959,0.9587,PASS
AU-10199,NT-000695,MD-234,2026-04-07 06:32:58,v1,1.0,1.0,1.0,0.9401,0.9658,1.0,0.958,0.9843,PASS
AU-10200,NT-000696,MD-202,2026-04-09 01:36:16,v1,0.8821,0.9217,0.9169,0.9349,0.8056,0.7975,0.8292,0.879,PASS
AU-10201,NT-000712,MD-230,2026-04-07 00:42:47,v1,0.8907,0.8601,0.8962,0.8034,0.984,0.9034,0.9649,0.8975,PASS
AU-10202,NT-000713,MD-232,2026-04-09 22:12:09,v1,0.9306,0.908,0.8907,0.8569,1.0,1.0,0.878,0.9173,PASS
AU-10203,NT-000721,MD-209,2026-04-09 08:23:49,v1,0.9447,0.903,0.9988,0.9181,0.8591,0.9805,0.9338,0.9307,PASS
AU-10204,NT-000723,MD-217,2026-04-08 00:52:57,v1,0.8731,0.9556,0.8669,1.0,0.9508,0.9873,0.8183,0.9069,PASS
AU-10205,NT-000724,MD-202,2026-04-07 03:05:45,v1,0.9237,0.9574,0.8736,0.8654,1.0,1.0,0.8843,0.9251,PASS
AU-10206,NT-000727,MD-212,2026-04-07 16:56:34,v1,0.8953,0.7916,0.8214,0.743,0.7394,0.8478,0.8063,0.8206,FAIL
AU-10207,NT-000729,MD-216,2026-04-07 10:16:44,v1,1.0,1.0,0.9942,0.9281,0.8938,1.0,0.9627,0.976,PASS
AU-10208,NT-000731,MD-228,2026-04-08 20:32:34,v1,0.9089,0.9168,0.8614,0.9722,0.9037,0.9671,0.9607,0.9222,PASS
AU-10209,NT-000743,MD-219,2026-04-08 06:57:19,v1,0.9451,0.9114,0.9768,0.861,0.935,0.8994,1.0,0.9381,PASS
AU-10210,NT-000746,MD-201,2026-04-09 10:04:39,v1,0.772,0.7765,0.8897,0.8542,0.8546,0.8488,0.8333,0.8142,FAIL
AU-10211,NT-000747,MD-233,2026-04-10 11:03:27,v1,1.0,1.0,0.9749,1.0,1.0,0.9745,0.9759,0.9926,PASS
AU-10212,NT-000756,MD-229,2026-04-09 22:26:35,v1,0.9215,0.9403,0.9409,0.9316,0.9095,0.9648,1.0,0.9409,PASS
AU-10213,NT-000758,MD-205,2026-04-08 10:06:13,v1,1.0,1.0,1.0,1.0,1.0,1.0,0.969,0.9954,PASS
AU-10214,NT-000759,MD-233,2026-04-09 16:37:46,v1,1.0,0.8869,0.9284,0.875,0.9249,0.9538,0.93,0.9374,PASS
AU-10215,NT-000762,MD-234,2026-04-10 10:27:05,v1,0.7886,0.8269,0.7839,0.6886,0.7189,0.7351,0.7963,0.7773,FAIL
AU-10216,NT-000767,MD-209,2026-04-09 16:31:29,v1,0.8993,0.8679,0.7559,0.9565,0.8321,0.8731,0.7735,0.8575,PASS
AU-10217,NT-000768,MD-229,2026-04-09 18:43:46,v1,0.8555,0.8563,0.8998,0.8634,0.8518,0.8633,0.8506,0.8602,PASS
AU-10218,NT-000770,MD-211,2026-04-08 01:07:54,v1,0.8397,0.7385,0.9152,0.8012,0.7576,0.8182,0.8268,0.8119,FAIL
AU-10219,NT-000782,MD-209,2026-04-10 02:54:09,v1,1.0,0.9155,0.8195,0.899,0.9252,0.905,0.8502,0.9202,PASS
AU-10220,NT-000786,MD-220,2026-04-11 06:49:49,v1,0.9945,0.9136,1.0,0.9778,1.0,1.0,1.0,0.9789,PASS
AU-10221,NT-000787,MD-225,2026-04-10 16:08:12,v1,0.8995,1.0,0.9266,0.9246,0.9548,0.9536,0.9514,0.9408,PASS
AU-10222,NT-000789,MD-215,2026-04-09 21:41:35,v1,0.9803,0.9859,0.9448,0.9676,0.8547,0.9189,0.9708,0.9595,PASS
AU-10223,NT-000790,MD-229,2026-04-11 10:45:26,v1,0.9535,0.936,0.8842,0.989,1.0,0.963,1.0,0.9587,PASS
AU-10224,NT-000792,MD-232,2026-04-11 19:53:30,v1,0.9498,0.9347,0.9849,1.0,0.9746,0.9704,0.9997,0.9663,PASS
AU-10225,NT-000794,MD-215,2026-04-08 02:37:47,v1,1.0,0.963,0.9781,0.9941,0.9533,1.0,0.9715,0.9809,PASS
AU-10226,NT-000797,MD-214,2026-04-11 21:29:48,v1,0.8679,0.8349,0.8611,0.9909,0.8643,0.9562,0.9666,0.8918,PASS
AU-10227,NT-000799,MD-212,2026-04-09 07:46:26,v1,0.8744,0.8508,0.9223,0.9058,0.8163,0.839,0.7858,0.8567,PASS
AU-10228,NT-000803,MD-229,2026-04-11 15:46:11,v1,0.9607,0.7234,0.8333,0.8041,0.7574,0.8049,0.8482,0.8398,FAIL
AU-10229,NT-000806,MD-218,2026-04-08 03:33:11,v1,0.916,0.8526,0.9082,0.9509,0.8557,0.9101,0.9658,0.9072,PASS
AU-10230,NT-000816,MD-226,2026-04-08 07:32:37,v1,0.9195,0.927,0.836,0.8432,0.8436,0.9026,0.8985,0.8934,PASS
AU-10231,NT-000817,MD-202,2026-04-09 19:48:55,v1,0.9293,0.9991,1.0,1.0,1.0,1.0,1.0,0.9786,PASS
AU-10232,NT-000828,MD-230,2026-04-09 18:01:46,v1,0.9116,0.9115,0.9816,0.9421,0.9689,0.9516,0.841,0.9188,PASS
AU-10233,NT-000831,MD-220,2026-04-10 10:27:08,v1,0.8634,0.9069,0.8869,0.9463,0.9997,0.9018,0.834,0.8939,PASS
AU-10234,NT-000834,MD-209,2026-04-08 14:19:59,v1,1.0,0.961,1.0,0.9772,1.0,1.0,0.9181,0.9777,PASS
AU-10235,NT-000837,MD-202,2026-04-11 22:47:29,v1,0.8961,0.9093,0.9751,0.8678,0.9662,0.8692,0.8512,0.9027,PASS
AU-10236,NT-000840,MD-203,2026-04-11 04:32:26,v1,0.911,0.8199,0.8879,0.9184,0.9091,0.9514,0.9128,0.8933,PASS
AU-10237,NT-000846,MD-209,2026-04-08 03:18:21,v1,0.9729,1.0,1.0,0.9754,0.9682,0.9729,1.0,0.9849,PASS
AU-10238,NT-000847,MD-204,2026-04-08 07:41:52,v1,0.9319,0.8934,0.9048,0.7979,0.8458,0.8653,1.0,0.9064,PASS
AU-10239,NT-000851,MD-207,2026-04-10 21:05:32,v1,0.981,0.9929,1.0,1.0,1.0,1.0,0.8936,0.9769,PASS
AU-10240,NT-000854,MD-232,2026-04-11 10:56:25,v1,1.0,0.905,1.0,0.9725,0.9493,1.0,1.0,0.9732,PASS
AU-10241,NT-000855,MD-211,2026-04-11 01:24:35,v1,0.9405,1.0,0.9924,1.0,1.0,1.0,0.9964,0.9809,PASS
AU-10242,NT-000856,MD-205,2026-04-09 23:48:31,v1,0.8794,0.8537,1.0,0.8411,0.8995,0.8871,0.9191,0.8908,PASS
AU-10243,NT-000858,MD-212,2026-04-12 08:35:04,v1,0.9219,0.9667,0.8726,1.0,0.9586,0.9001,1.0,0.948,PASS
AU-10244,NT-000862,MD-205,2026-04-11 20:49:44,v1,1.0,0.9809,1.0,0.9476,0.9663,0.9788,0.9965,0.986,PASS
AU-10245,NT-000864,MD-214,2026-04-11 01:46:31,v1,0.9535,1.0,0.9715,1.0,1.0,0.9585,0.9734,0.9771,PASS
AU-10246,NT-000865,MD-223,2026-04-11 10:42:58,v1,0.9844,0.9225,0.9027,0.9242,0.9187,0.9679,1.0,0.9528,PASS
AU-10247,NT-000869,MD-206,2026-04-09 12:02:56,v1,0.8786,1.0,0.9543,0.897,0.92,1.0,0.8746,0.9219,PASS
AU-10248,NT-000872,MD-217,2026-04-10 01:34:24,v1,0.824,0.9101,0.9496,0.8388,0.8888,0.8366,0.8868,0.8718,PASS
AU-10249,NT-000880,MD-203,2026-04-10 11:50:26,v1,0.9862,0.9753,1.0,0.9782,1.0,1.0,1.0,0.9887,PASS
AU-10250,NT-000882,MD-222,2026-04-12 14:21:33,v1,0.9649,0.8673,0.8293,0.896,0.8308,0.915,0.9514,0.907,PASS
AU-10251,NT-000886,MD-204,2026-04-11 02:53:38,v1,1.0,1.0,0.9344,1.0,1.0,0.9314,0.949,0.9824,PASS
AU-10252,NT-000893,MD-222,2026-04-10 10:15:55,v1,0.9192,1.0,0.9577,0.9668,0.903,1.0,1.0,0.9585,PASS
AU-10253,NT-000894,MD-208,2026-04-12 03:37:05,v1,0.8586,1.0,0.8778,0.9571,0.9973,1.0,0.9667,0.9358,PASS
AU-10254,NT-000899,MD-201,2026-04-11 05:47:42,v1,0.9744,0.9732,0.8161,0.8399,0.9179,0.9115,0.8699,0.9204,PASS
AU-10255,NT-000901,MD-220,2026-04-12 15:41:40,v1,0.9619,1.0,1.0,0.9789,0.8813,1.0,1.0,0.9746,PASS
AU-10256,NT-000904,MD-223,2026-04-10 03:57:44,v1,0.9842,1.0,0.9543,0.9098,0.8716,0.979,1.0,0.9678,PASS
AU-10257,NT-000907,MD-210,2026-04-11 23:11:08,v1,0.8942,0.9432,0.9898,0.8943,0.9269,1.0,1.0,0.938,PASS
AU-10258,NT-000913,MD-210,2026-04-11 03:52:52,v1,1.0,0.9411,0.9737,0.9339,0.946,0.9209,1.0,0.9696,PASS
AU-10259,NT-000914,MD-202,2026-04-09 06:11:55,v1,0.9493,0.8044,0.8058,0.9442,0.8299,0.8883,0.8721,0.8789,PASS
AU-10260,NT-000917,MD-212,2026-04-10 17:40:56,v1,0.7435,0.8051,0.8424,0.8342,0.7769,0.8969,0.8588,0.8031,FAIL
AU-10261,NT-000918,MD-222,2026-04-11 03:30:55,v1,0.882,0.8803,0.9474,0.9054,0.8376,0.8698,0.9255,0.892,PASS
AU-10262,NT-000920,MD-234,2026-04-10 19:29:13,v1,0.9762,1.0,0.9447,1.0,1.0,1.0,1.0,0.9873,PASS
AU-10263,NT-000921,MD-227,2026-04-09 05:14:38,v1,0.9852,0.9925,0.9307,0.9561,0.8853,0.9656,0.9671,0.9646,PASS
AU-10264,NT-000928,MD-207,2026-04-12 13:48:14,v1,0.7673,0.8775,0.8556,0.8544,0.8857,0.924,0.8824,0.8438,FAIL
AU-10265,NT-000929,MD-208,2026-04-09 15:41:58,v1,0.9939,1.0,1.0,0.997,0.9699,1.0,1.0,0.9949,PASS
AU-10266,NT-000930,MD-218,2026-04-12 13:48:29,v1,0.8718,0.8182,0.7719,0.7404,0.8551,0.7395,0.8158,0.8213,FAIL
AU-10267,NT-000931,MD-207,2026-04-10 15:51:45,v1,0.9803,1.0,0.9756,0.9362,0.9761,0.8953,0.9633,0.9721,PASS
AU-10268,NT-000932,MD-227,2026-04-12 14:13:51,v1,1.0,0.9613,1.0,0.995,0.9182,1.0,1.0,0.9836,PASS
AU-10269,NT-000933,MD-225,2026-04-11 14:40:29,v1,0.9567,0.9579,0.9793,0.9417,1.0,0.9772,1.0,0.9695,PASS
AU-10270,NT-000934,MD-209,2026-04-13 11:45:02,v1,0.9494,0.828,0.9672,0.8989,0.912,0.9491,0.91,0.9122,PASS
AU-10271,NT-000937,MD-225,2026-04-10 15:18:37,v1,0.9468,0.8969,0.9657,0.9802,0.9259,1.0,0.9373,0.9412,PASS
AU-10272,NT-000940,MD-202,2026-04-12 22:40:00,v1,1.0,1.0,0.9173,1.0,1.0,1.0,1.0,0.9917,PASS
AU-10273,NT-000941,MD-209,2026-04-10 21:29:16,v1,0.9376,0.9568,0.8567,0.847,0.9243,0.8745,1.0,0.9292,PASS
AU-10274,NT-000944,MD-234,2026-04-13 11:58:37,v1,0.9942,1.0,1.0,0.9125,0.9902,0.9936,0.8939,0.9723,PASS
AU-10275,NT-000952,MD-222,2026-04-12 18:39:14,v1,0.9745,1.0,1.0,1.0,0.8399,0.9977,1.0,0.9762,PASS
AU-10276,NT-000957,MD-224,2026-04-12 13:02:19,v1,0.9869,0.982,0.9803,1.0,0.8626,1.0,0.9655,0.9716,PASS
AU-10277,NT-000958,MD-232,2026-04-11 01:10:52,v1,0.9178,0.8991,0.9338,0.9367,0.9822,0.9363,0.8126,0.9091,PASS
AU-10278,NT-000962,MD-206,2026-04-13 20:14:16,v1,1.0,1.0,0.9363,0.9437,1.0,0.9947,0.9474,0.9798,PASS
AU-10279,NT-000972,MD-232,2026-04-10 18:26:23,v1,0.9064,0.8081,0.7202,0.8474,0.8072,0.8355,0.8594,0.8417,FAIL
AU-10280,NT-000974,MD-233,2026-04-13 04:26:19,v1,0.9924,0.9875,1.0,1.0,0.9672,1.0,0.9601,0.986,PASS
AU-10281,NT-000975,MD-212,2026-04-13 16:06:03,v1,0.8321,0.8912,0.8662,0.8994,0.974,0.8981,0.932,0.8865,PASS
AU-10282,NT-000978,MD-228,2026-04-13 19:43:40,v1,0.8201,0.7897,0.8193,0.9061,0.8737,0.8176,0.8628,0.8342,FAIL
AU-10283,NT-000980,MD-219,2026-04-13 02:09:52,v1,0.9503,0.985,0.9601,1.0,1.0,0.9742,1.0,0.9768,PASS
AU-10284,NT-000981,MD-233,2026-04-12 21:03:52,v1,0.9173,1.0,1.0,1.0,1.0,0.9734,0.9239,0.9624,PASS
AU-10285,NT-000982,MD-225,2026-04-13 09:33:51,v1,0.8245,0.7454,0.8551,0.7647,0.7461,0.8404,0.9314,0.8148,FAIL
AU-10286,NT-000990,MD-211,2026-04-10 05:16:40,v1,1.0,1.0,1.0,1.0,0.9483,0.9899,0.9636,0.9889,PASS
AU-10287,NT-000993,MD-213,2026-04-11 22:15:05,v1,0.8222,0.8781,0.8191,0.8483,0.7606,0.7722,0.7362,0.8141,FAIL
AU-10288,NT-000997,MD-206,2026-04-13 08:49:36,v1,0.9242,0.8656,0.9076,0.9157,1.0,0.9341,0.8839,0.912,PASS
AU-10289,NT-001011,MD-202,2026-04-13 21:08:17,v1,0.9906,0.9348,0.9145,0.9514,0.8985,0.8303,0.9501,0.9446,PASS
AU-10290,NT-001012,MD-226,2026-04-12 09:58:32,v1,0.9583,0.9925,0.9125,0.9766,0.8518,0.9172,0.9636,0.9505,PASS
AU-10291,NT-001015,MD-219,2026-04-14 02:13:05,v1,0.9088,0.9492,0.9307,0.8325,0.983,0.8704,0.9465,0.9226,PASS
AU-10292,NT-001016,MD-214,2026-04-14 05:07:37,v1,1.0,1.0,0.9763,0.9877,0.9859,1.0,1.0,0.995,PASS
AU-10293,NT-001020,MD-204,2026-04-14 08:24:26,v1,0.9364,0.9554,0.9177,0.8921,0.8993,0.9566,0.9467,0.9328,PASS
AU-10294,NT-001021,MD-211,2026-04-12 16:31:33,v1,1.0,0.9126,0.9786,0.8777,1.0,0.9303,1.0,0.9647,PASS
AU-10295,NT-001025,MD-232,2026-04-11 14:37:34,v1,1.0,0.9158,0.9237,0.8848,0.9856,0.9342,0.8606,0.9384,PASS
AU-10296,NT-001031,MD-224,2026-04-13 21:52:24,v1,0.8963,0.7871,0.8465,0.8928,0.813,0.885,0.8443,0.8524,PASS
AU-10297,NT-001037,MD-216,2026-04-11 05:51:01,v1,1.0,0.9949,0.994,0.9995,1.0,0.931,0.9725,0.9908,PASS
AU-10298,NT-001039,MD-231,2026-04-13 11:34:48,v1,0.9363,0.8012,0.974,0.9649,1.0,1.0,1.0,0.935,PASS
AU-10299,NT-001040,MD-209,2026-04-12 03:45:22,v1,0.8444,0.8875,0.8293,0.8156,0.8525,0.8779,0.8565,0.8529,PASS
AU-10300,NT-001046,MD-214,2026-04-11 15:09:57,v1,0.8916,0.942,0.9725,0.9368,0.9535,0.9241,1.0,0.9384,PASS
AU-10301,NT-001050,MD-231,2026-04-14 16:08:41,v1,0.9515,0.9039,0.9266,0.9182,0.8957,0.8806,0.9865,0.9323,PASS
AU-10302,NT-001051,MD-221,2026-04-11 23:08:41,v1,0.4398,0.4706,0.3644,0.4062,0.4986,0.4946,0.4323,0.4425,FAIL
AU-10303,NT-001054,MD-207,2026-04-13 15:38:39,v1,0.9832,1.0,0.9896,1.0,0.9556,1.0,0.9866,0.9874,PASS
AU-10304,NT-001055,MD-214,2026-04-13 08:46:54,v1,0.8082,1.0,0.8751,1.0,0.957,0.8436,0.9462,0.9098,PASS
AU-10305,NT-001058,MD-210,2026-04-14 09:11:50,v1,1.0,0.9828,0.9269,0.9006,0.8798,0.9994,1.0,0.9673,PASS
AU-10306,NT-001059,MD-229,2026-04-14 02:59:37,v1,0.8841,1.0,0.9928,0.9683,1.0,0.9575,0.9173,0.9468,PASS
AU-10307,NT-001060,MD-230,2026-04-13 06:22:12,v1,1.0,0.9869,0.9878,1.0,0.9502,0.9885,1.0,0.9906,PASS
AU-10308,NT-001063,MD-202,2026-04-14 05:58:51,v1,0.8503,0.8108,0.8587,0.9438,0.873,0.9859,0.9576,0.8777,PASS
AU-10309,NT-001064,MD-219,2026-04-14 13:29:24,v1,0.9998,1.0,0.9624,1.0,0.9494,1.0,0.9912,0.9898,PASS
AU-10310,NT-001066,MD-222,2026-04-12 13:58:59,v1,1.0,0.9225,0.9718,0.9599,1.0,0.934,1.0,0.9744,PASS
AU-10311,NT-001067,MD-201,2026-04-14 05:00:58,v1,0.8296,0.8214,0.8126,0.8379,0.7643,0.6948,0.5489,0.7717,FAIL
AU-10312,NT-001075,MD-228,2026-04-11 22:28:57,v1,0.8464,0.8939,0.8346,0.9076,0.9222,0.8848,0.8284,0.8676,PASS
AU-10313,NT-001080,MD-220,2026-04-14 12:08:21,v1,1.0,1.0,0.9391,0.9288,0.9293,0.9135,0.9836,0.9729,PASS
AU-10314,NT-001083,MD-212,2026-04-13 22:53:14,v1,0.9797,1.0,0.9636,0.9615,0.9567,0.9725,1.0,0.9807,PASS
AU-10315,NT-001095,MD-233,2026-04-12 07:37:25,v1,0.9661,0.8808,0.9113,0.8695,1.0,0.8809,1.0,0.9381,PASS
AU-10316,NT-001099,MD-232,2026-04-14 11:49:52,v1,0.8176,0.7962,0.8818,0.8173,0.7542,0.8793,0.753,0.8068,FAIL
AU-10317,NT-001100,MD-208,2026-04-12 00:31:57,v1,0.8926,0.9387,0.8641,0.8151,0.9456,1.0,0.8261,0.8919,PASS
AU-10318,NT-001105,MD-224,2026-04-12 02:20:50,v1,0.9661,1.0,0.8056,0.9502,0.9333,0.9158,0.9327,0.9444,PASS
AU-10319,NT-001107,MD-216,2026-04-14 02:17:26,v1,0.9091,0.9105,0.8404,0.9672,0.9555,0.8872,0.9459,0.9174,PASS
AU-10320,NT-001114,MD-205,2026-04-15 16:45:40,v1,0.8705,0.9215,0.8701,0.7202,0.8075,0.9328,0.7756,0.8482,FAIL
AU-10321,NT-001117,MD-217,2026-04-13 13:20:07,v1,0.9627,0.9189,0.9771,1.0,1.0,1.0,0.9017,0.9556,PASS
AU-10322,NT-001124,MD-216,2026-04-13 03:21:17,v1,0.8097,0.9176,0.8336,0.7254,0.7511,0.7699,0.7614,0.8101,FAIL
AU-10323,NT-001126,MD-210,2026-04-15 16:05:39,v1,1.0,1.0,0.9581,0.9321,0.9258,0.9995,0.9143,0.9687,PASS
AU-10324,NT-001129,MD-211,2026-04-16 14:19:03,v1,0.9826,0.991,0.8816,0.994,0.9091,0.9846,0.9695,0.9661,PASS
AU-10325,NT-001145,MD-225,2026-04-15 07:16:44,v1,0.9504,0.9763,0.9607,1.0,0.9875,0.9528,0.8605,0.9519,PASS
AU-10326,NT-001149,MD-215,2026-04-14 06:41:51,v1,1.0,0.9173,1.0,0.9309,0.8423,0.9815,0.964,0.9544,PASS
AU-10327,NT-001156,MD-232,2026-04-13 21:37:56,v1,0.8807,0.8487,0.978,0.8151,0.872,0.8327,0.9238,0.8807,PASS
AU-10328,NT-001158,MD-213,2026-04-16 11:19:45,v1,0.9858,1.0,0.9795,0.9622,0.9552,0.927,0.9592,0.9757,PASS
AU-10329,NT-001169,MD-206,2026-04-14 00:07:41,v1,0.9553,0.8735,0.9467,1.0,1.0,0.9889,0.8495,0.9328,PASS
AU-10330,NT-001172,MD-217,2026-04-15 19:24:47,v1,0.9473,0.9154,0.9696,0.8946,0.8609,0.9291,0.9341,0.9263,PASS
AU-10331,NT-001176,MD-213,2026-04-16 22:20:12,v1,0.9963,0.8524,0.8822,0.8194,0.842,0.8221,0.8514,0.8925,PASS
AU-10332,NT-001179,MD-215,2026-04-15 09:19:31,v1,1.0,1.0,0.9709,1.0,0.9815,0.9102,1.0,0.9907,PASS
AU-10333,NT-001188,MD-233,2026-04-16 11:14:32,v1,1.0,0.9796,1.0,0.9805,1.0,1.0,1.0,0.994,PASS
AU-10334,NT-001194,MD-224,2026-04-17 11:47:35,v1,0.9338,0.9786,0.9773,0.8959,0.9751,0.9533,1.0,0.9584,PASS
AU-10335,NT-001199,MD-217,2026-04-15 14:03:30,v1,0.9071,0.8742,0.8689,1.0,0.9441,0.9706,0.97,0.9223,PASS
AU-10336,NT-001200,MD-201,2026-04-14 05:23:13,v1,0.9928,0.9912,1.0,0.9334,0.8513,0.9396,0.9752,0.9678,PASS
AU-10337,NT-001201,MD-201,2026-04-16 09:28:37,v1,0.7589,0.6473,0.8992,0.7999,0.7054,0.7711,0.7163,0.7436,FAIL
AU-10338,NT-001204,MD-220,2026-04-15 19:22:45,v1,0.8741,0.9735,0.9053,1.0,0.8375,1.0,0.8875,0.9143,PASS
AU-10339,NT-001207,MD-208,2026-04-14 15:37:01,v1,0.9869,1.0,1.0,0.9885,1.0,1.0,0.9879,0.9931,PASS
AU-10340,NT-001209,MD-212,2026-04-17 15:13:12,v1,0.9064,0.9119,1.0,0.8445,0.9078,0.9334,0.8515,0.9039,PASS
AU-10341,NT-001210,MD-229,2026-04-15 11:05:55,v1,0.9622,0.9984,0.9537,0.8838,0.9563,0.881,1.0,0.9617,PASS
AU-10342,NT-001220,MD-214,2026-04-15 07:03:36,v1,1.0,1.0,0.8896,0.9662,0.9464,1.0,1.0,0.9802,PASS
AU-10343,NT-001223,MD-218,2026-04-16 23:52:18,v1,1.0,1.0,1.0,0.9488,0.978,1.0,1.0,0.9927,PASS
AU-10344,NT-001228,MD-201,2026-04-17 05:47:45,v1,0.8904,0.9548,0.8515,0.8876,0.8052,1.0,1.0,0.9125,PASS
AU-10345,NT-001235,MD-228,2026-04-15 10:16:26,v1,0.8024,0.9064,0.9841,0.8991,0.8759,0.8589,0.7296,0.8503,PASS
AU-10346,NT-001238,MD-204,2026-04-17 06:16:16,v1,0.94,0.8593,0.9093,0.9705,0.9174,0.8665,0.9405,0.918,PASS
AU-10347,NT-001240,MD-204,2026-04-15 11:27:21,v1,0.9735,1.0,1.0,0.9662,0.907,1.0,0.9803,0.9764,PASS
AU-10348,NT-001243,MD-213,2026-04-18 00:04:42,v1,0.9393,0.9488,0.796,0.9275,0.8792,0.9193,0.8932,0.9118,PASS
AU-10349,NT-001247,MD-229,2026-04-16 03:53:35,v1,0.9664,0.9264,1.0,0.9226,0.9689,1.0,1.0,0.9643,PASS
AU-10350,NT-001249,MD-226,2026-04-15 23:33:27,v1,0.9768,0.9437,0.8874,0.9552,0.9276,0.9116,0.9893,0.9528,PASS
AU-10351,NT-001259,MD-203,2026-04-18 19:06:26,v1,0.986,1.0,0.9036,1.0,0.971,0.9094,0.8894,0.9621,PASS
AU-10352,NT-001263,MD-211,2026-04-15 00:02:36,v1,1.0,1.0,1.0,1.0,1.0,1.0,1.0,1.0,PASS
AU-10353,NT-001268,MD-201,2026-04-15 02:05:33,v1,0.9614,1.0,0.8119,0.9443,0.8462,0.9021,0.846,0.9207,PASS
AU-10354,NT-001269,MD-223,2026-04-18 19:55:27,v1,1.0,0.9605,1.0,1.0,1.0,0.9124,0.973,0.9837,PASS
AU-10355,NT-001278,MD-201,2026-04-17 23:35:44,v1,1.0,0.9567,1.0,1.0,1.0,1.0,1.0,0.9913,PASS
AU-10356,NT-001280,MD-229,2026-04-14 23:22:55,v1,1.0,0.8368,0.9672,0.8761,0.8802,0.9002,0.9416,0.926,PASS
AU-10357,NT-001284,MD-214,2026-04-18 17:08:08,v1,0.9421,0.8623,0.9201,0.9371,0.9311,0.9854,0.9872,0.9313,PASS
AU-10358,NT-001285,MD-202,2026-04-18 05:40:56,v1,0.9425,0.9261,1.0,0.9795,0.9198,0.9787,0.924,0.9454,PASS
AU-10359,NT-001286,MD-217,2026-04-18 00:48:22,v1,0.952,0.8651,0.9342,0.8072,0.9564,0.8662,0.8621,0.901,PASS
AU-10360,NT-001287,MD-212,2026-04-17 03:01:55,v1,0.9015,0.8522,0.851,0.8528,0.9236,0.8053,0.9231,0.8824,PASS
AU-10361,NT-001290,MD-234,2026-04-17 23:44:17,v1,1.0,1.0,1.0,0.9893,1.0,1.0,1.0,0.9989,PASS
AU-10362,NT-001292,MD-228,2026-04-16 16:29:46,v1,1.0,0.957,0.9793,0.996,0.9066,0.9115,0.9269,0.9642,PASS
AU-10363,NT-001300,MD-226,2026-04-18 15:54:10,v1,0.9465,0.811,0.9153,0.855,0.9765,0.9519,0.9804,0.9155,PASS
AU-10364,NT-001305,MD-201,2026-04-16 19:06:55,v1,0.919,0.9454,0.897,0.9092,0.886,0.82,1.0,0.925,PASS
AU-10365,NT-001309,MD-224,2026-04-17 13:43:54,v1,1.0,0.9516,0.9344,0.9315,1.0,1.0,0.9384,0.9677,PASS
AU-10366,NT-001310,MD-209,2026-04-18 22:21:03,v1,0.9332,0.8722,0.9558,1.0,1.0,0.955,1.0,0.9477,PASS
AU-10367,NT-001314,MD-228,2026-04-16 22:39:57,v1,1.0,0.861,0.9482,0.9537,0.9297,0.9706,1.0,0.9539,PASS
AU-10368,NT-001315,MD-229,2026-04-17 11:45:07,v1,1.0,1.0,0.9978,0.9271,0.9888,0.916,0.9857,0.985,PASS
AU-10369,NT-001316,MD-225,2026-04-16 17:36:12,v1,0.8875,0.8911,0.921,0.8307,1.0,0.9541,0.9169,0.9049,PASS
AU-10370,NT-001319,MD-225,2026-04-17 07:59:18,v1,0.8917,0.9005,0.9319,0.9065,0.8809,0.8755,0.949,0.9057,PASS
AU-10371,NT-001323,MD-215,2026-04-18 06:36:06,v1,0.8666,0.9351,0.8841,0.9253,0.8634,0.8185,0.906,0.8911,PASS
AU-10372,NT-001324,MD-213,2026-04-16 07:44:38,v1,0.8619,0.9771,1.0,0.9237,0.8538,0.8739,0.9906,0.924,PASS
AU-10373,NT-001327,MD-234,2026-04-18 15:22:21,v1,0.8717,0.9201,0.8397,0.916,0.9726,0.8414,0.8384,0.8862,PASS
AU-10374,NT-001334,MD-206,2026-04-19 10:01:48,v1,0.6027,0.5708,0.4555,0.4747,0.4738,0.471,0.5,0.5339,FAIL
AU-10375,NT-001335,MD-204,2026-04-17 18:37:55,v1,1.0,0.9747,0.9589,0.9214,0.8986,1.0,0.9161,0.9602,PASS
AU-10376,NT-001349,MD-228,2026-04-17 12:44:40,v1,0.852,0.8869,0.909,0.9394,0.9137,0.9376,0.8553,0.8844,PASS
AU-10377,NT-001353,MD-226,2026-04-18 23:45:05,v1,0.9724,0.953,1.0,0.9211,1.0,0.8898,0.9287,0.9582,PASS
AU-10378,NT-001357,MD-234,2026-04-17 14:46:46,v1,0.976,1.0,0.9713,0.9432,1.0,0.9964,0.9594,0.978,PASS
AU-10379,NT-001359,MD-208,2026-04-16 05:57:26,v1,0.3136,0.3894,0.4624,0.3872,0.4382,0.3871,0.4636,0.3896,FAIL
AU-10380,NT-001361,MD-222,2026-04-18 03:12:22,v1,0.8157,0.8906,0.9774,1.0,0.9132,0.9175,0.8633,0.8872,PASS
AU-10381,NT-001370,MD-224,2026-04-17 10:02:42,v1,0.8544,0.8214,0.9277,0.9348,0.8943,0.9876,0.9053,0.8815,PASS
AU-10382,NT-001373,MD-204,2026-04-17 07:31:47,v1,0.8572,0.7439,0.8223,0.9035,0.8633,0.829,0.8417,0.8326,FAIL
AU-10383,NT-001377,MD-207,2026-04-17 17:12:45,v1,0.9334,0.9054,0.836,0.8626,0.9787,0.8646,0.9159,0.9094,PASS
AU-10384,NT-001378,MD-224,2026-04-18 02:00:26,v1,1.0,1.0,1.0,1.0,0.862,1.0,1.0,0.9862,PASS
AU-10385,NT-001380,MD-230,2026-04-17 13:02:31,v1,0.901,0.9541,0.9313,0.9867,1.0,0.9135,1.0,0.9486,PASS
AU-10386,NT-001385,MD-222,2026-04-19 01:48:35,v1,0.9839,1.0,0.9821,0.939,1.0,1.0,0.9499,0.9798,PASS
AU-10387,NT-001388,MD-222,2026-04-16 19:29:15,v1,0.9147,0.8156,0.6565,0.7974,0.6993,0.7893,0.7622,0.8066,FAIL
AU-10388,NT-001392,MD-207,2026-04-20 16:38:00,v1,0.9482,1.0,1.0,0.9365,0.9115,0.9174,0.9944,0.9643,PASS
AU-10389,NT-001396,MD-208,2026-04-20 00:09:18,v1,1.0,1.0,0.8899,0.9639,0.9424,1.0,1.0,0.9796,PASS
AU-10390,NT-001397,MD-205,2026-04-20 03:24:08,v1,0.8805,0.9012,0.8303,0.8516,0.8586,0.8385,0.8492,0.8677,PASS
AU-10391,NT-001398,MD-233,2026-04-18 22:50:11,v1,0.896,0.9677,0.8758,0.7962,0.8648,0.8458,0.869,0.8887,PASS
AU-10392,NT-001401,MD-224,2026-04-18 21:29:38,v1,0.9995,1.0,1.0,0.9926,1.0,1.0,0.9111,0.9858,PASS
AU-10393,NT-001406,MD-228,2026-04-19 08:57:30,v1,0.9718,1.0,0.958,0.9817,0.9245,1.0,0.9968,0.9775,PASS
AU-10394,NT-001408,MD-224,2026-04-17 09:06:05,v1,0.9118,0.9866,0.9292,0.9964,1.0,0.9993,0.9426,0.9548,PASS
AU-10395,NT-001409,MD-215,2026-04-20 08:11:11,v1,0.7671,0.8748,0.9831,0.7851,0.8456,0.8235,0.944,0.8492,FAIL
AU-10396,NT-001414,MD-216,2026-04-19 09:28:20,v1,0.9552,0.8852,0.9096,0.9004,0.9475,0.8718,0.9535,0.926,PASS
AU-10397,NT-001416,MD-227,2026-04-18 11:48:31,v1,1.0,1.0,1.0,0.9232,0.9088,0.9486,1.0,0.9806,PASS
AU-10398,NT-001419,MD-208,2026-04-18 00:15:30,v1,0.999,1.0,0.9508,0.9574,1.0,0.9764,0.9525,0.9822,PASS
AU-10399,NT-001420,MD-231,2026-04-19 15:30:37,v1,0.98,0.9592,1.0,0.9695,0.9135,0.9549,0.9094,0.9583,PASS
AU-10400,NT-001423,MD-213,2026-04-17 01:58:11,v1,0.9163,0.8425,0.8751,0.9193,0.8998,0.7898,0.8369,0.8779,PASS
AU-10401,NT-001424,MD-211,2026-04-17 05:21:44,v1,0.8732,0.903,0.8947,0.9538,0.9572,0.9655,0.8773,0.903,PASS
AU-10402,NT-001426,MD-225,2026-04-16 22:34:13,v1,0.9083,0.9573,0.9807,0.8734,0.9176,1.0,0.8486,0.9184,PASS
AU-10403,NT-001427,MD-215,2026-04-19 14:45:02,v1,1.0,0.9168,0.9849,0.883,0.7782,0.9011,0.9877,0.9412,PASS
AU-10404,NT-001430,MD-203,2026-04-18 10:03:24,v1,0.8081,0.9349,0.9942,0.9726,0.8268,0.7673,0.9366,0.8876,PASS
AU-10405,NT-001432,MD-201,2026-04-17 20:33:57,v1,0.9184,0.866,0.9785,0.8692,0.8916,0.943,0.8733,0.9008,PASS
AU-10406,NT-001433,MD-217,2026-04-19 23:06:54,v1,0.9245,0.9801,1.0,0.9471,0.9383,0.8213,0.9787,0.9498,PASS
AU-10407,NT-001434,MD-207,2026-04-19 16:15:09,v1,0.9289,0.8528,1.0,1.0,0.9946,0.9294,0.9073,0.9313,PASS
AU-10408,NT-001435,MD-227,2026-04-20 06:05:18,v1,0.9029,0.9596,0.8716,0.845,0.8749,0.8117,0.9699,0.908,PASS
AU-10409,NT-001436,MD-232,2026-04-18 12:54:55,v1,1.0,1.0,0.9788,1.0,0.905,0.9595,0.9855,0.9842,PASS
AU-10410,NT-001450,MD-206,2026-04-18 07:07:05,v1,0.9427,0.8378,0.8753,0.9314,0.9416,0.9697,0.9484,0.916,PASS
AU-10411,NT-001454,MD-227,2026-04-19 08:43:04,v1,1.0,0.9956,1.0,1.0,1.0,0.9677,1.0,0.9975,PASS
AU-10412,NT-001457,MD-221,2026-04-20 23:43:59,v1,0.8869,0.8958,0.9357,0.8044,0.7802,0.8872,0.9157,0.879,PASS
AU-10413,NT-001462,MD-202,2026-04-19 19:24:38,v1,0.925,0.8731,0.9515,0.7874,0.9194,0.9533,0.9656,0.9104,PASS
AU-10414,NT-001470,MD-225,2026-04-20 13:16:01,v1,0.8886,0.9267,0.9445,0.8753,0.9415,0.9958,0.9361,0.9183,PASS
AU-10415,NT-001474,MD-220,2026-04-21 01:23:25,v1,1.0,0.8028,0.8578,0.9734,0.9216,0.9174,0.9342,0.9218,PASS
AU-10416,NT-001481,MD-227,2026-04-21 06:31:42,v1,0.9755,0.8942,1.0,0.9522,0.9318,0.9046,1.0,0.9551,PASS
AU-10417,NT-001487,MD-224,2026-04-18 11:44:04,v1,0.8195,0.9406,0.9695,0.8999,0.8957,0.9401,0.9004,0.8925,PASS
AU-10418,NT-001488,MD-204,2026-04-18 06:11:55,v1,0.9417,1.0,0.9215,0.962,1.0,1.0,0.9914,0.9696,PASS
AU-10419,NT-001489,MD-225,2026-04-19 04:55:52,v1,0.935,1.0,0.8987,0.92,0.8313,1.0,1.0,0.9455,PASS
AU-10420,NT-001491,MD-216,2026-04-18 15:50:21,v1,0.9105,0.8856,0.8718,0.9613,0.9186,0.9395,0.9506,0.915,PASS
AU-10421,NT-001495,MD-223,2026-04-20 08:43:47,v1,0.9893,0.968,0.9357,0.8907,0.8717,0.9674,0.9949,0.9578,PASS
AU-10422,NT-001498,MD-232,2026-04-18 07:34:40,v1,1.0,0.7815,0.8329,0.9315,0.9131,0.8364,0.993,0.9148,PASS
AU-10423,NT-001504,MD-228,2026-04-20 15:21:12,v1,1.0,0.8605,0.9618,0.9248,0.9568,0.8892,0.8655,0.9307,PASS
AU-10424,NT-001509,MD-221,2026-04-19 04:19:26,v1,0.7366,0.8247,0.7774,0.7517,0.7725,0.7985,0.7678,0.7712,FAIL
AU-10425,NT-001510,MD-224,2026-04-19 20:07:28,v1,0.929,1.0,1.0,0.9496,1.0,1.0,0.8775,0.9553,PASS
AU-10426,NT-001516,MD-211,2026-04-19 10:33:54,v1,1.0,0.9805,1.0,0.9742,1.0,0.9346,1.0,0.9902,PASS
AU-10427,NT-001517,MD-207,2026-04-19 19:58:11,v1,0.9717,1.0,0.9986,1.0,1.0,1.0,1.0,0.9914,PASS
AU-10428,NT-001518,MD-207,2026-04-21 21:23:34,v1,0.969,1.0,0.9704,1.0,1.0,0.9899,0.9896,0.9857,PASS
AU-10429,NT-001525,MD-213,2026-04-21 12:56:02,v1,0.8698,0.8758,0.8533,0.8544,0.8266,0.8201,0.8363,0.856,PASS
AU-10430,NT-001530,MD-234,2026-04-18 20:36:33,v1,0.9498,0.8503,0.9417,0.8683,0.9113,0.9337,0.9254,0.9126,PASS
AU-10431,NT-001531,MD-220,2026-04-22 02:22:01,v1,0.8785,0.9119,0.8283,0.891,0.9026,0.8721,0.8572,0.8803,PASS
AU-10432,NT-001533,MD-221,2026-04-22 07:36:23,v1,0.8721,0.8328,0.923,0.9151,0.9877,0.9198,0.8392,0.8826,PASS
AU-10433,NT-001535,MD-232,2026-04-22 14:21:39,v1,0.9786,1.0,1.0,0.988,0.8996,0.954,1.0,0.98,PASS
AU-10434,NT-001545,MD-201,2026-04-22 22:55:32,v1,0.8899,0.8806,0.9568,1.0,0.8632,0.8782,0.8945,0.9032,PASS
AU-10435,NT-001548,MD-226,2026-04-20 17:12:22,v1,0.9575,0.9592,1.0,0.9765,1.0,0.9733,1.0,0.9754,PASS
AU-10436,NT-001551,MD-202,2026-04-22 04:24:53,v1,0.9855,0.9252,0.969,0.9597,0.9673,0.9574,0.8884,0.9514,PASS
AU-10437,NT-001554,MD-216,2026-04-23 17:06:05,v1,0.8965,0.9049,0.9866,0.9779,1.0,0.8338,0.9762,0.9345,PASS
AU-10438,NT-001557,MD-217,2026-04-23 00:06:47,v1,0.7979,0.7889,0.8269,0.8156,0.8188,0.7441,0.8228,0.8039,FAIL
AU-10439,NT-001558,MD-203,2026-04-23 10:52:27,v1,0.823,0.8617,0.7981,0.843,0.9054,0.8885,0.836,0.8437,FAIL
AU-10440,NT-001565,MD-201,2026-04-23 11:39:22,v1,0.9018,0.8513,0.9318,0.8758,0.8876,0.9624,0.8721,0.8893,PASS
AU-10441,NT-001566,MD-205,2026-04-23 02:27:32,v1,0.956,0.959,0.9619,0.8296,1.0,1.0,0.9251,0.9465,PASS
AU-10442,NT-001567,MD-216,2026-04-21 04:49:14,v1,1.0,0.9703,1.0,1.0,1.0,1.0,0.9988,0.9939,PASS
AU-10443,NT-001570,MD-223,2026-04-21 04:00:59,v1,0.9939,0.9094,0.911,0.8673,0.9663,0.8589,0.8268,0.9215,PASS
AU-10444,NT-001575,MD-206,2026-04-21 23:38:43,v1,0.8793,0.9632,0.8724,0.9869,0.8484,0.8261,0.8663,0.8985,PASS
AU-10445,NT-001577,MD-217,2026-04-21 09:00:15,v1,0.8967,0.8449,0.9146,0.8904,0.9679,0.9031,0.997,0.91,PASS
AU-10446,NT-001580,MD-211,2026-04-21 12:07:34,v1,1.0,1.0,1.0,0.9699,0.9246,1.0,0.9961,0.9889,PASS
AU-10447,NT-001581,MD-212,2026-04-21 19:20:17,v1,0.4528,0.5003,0.509,0.514,0.4438,0.4368,0.385,0.4622,FAIL
AU-10448,NT-001582,MD-208,2026-04-23 11:25:31,v1,1.0,1.0,1.0,0.9225,0.9933,0.9645,1.0,0.9898,PASS
AU-10449,NT-001591,MD-231,2026-04-23 09:55:41,v1,0.9846,0.9943,1.0,0.9315,0.8626,1.0,0.8132,0.9456,PASS
AU-10450,NT-001598,MD-230,2026-04-21 21:37:13,v1,0.9625,1.0,1.0,0.9315,0.9772,1.0,0.9113,0.9663,PASS
AU-10451,NT-001602,MD-221,2026-04-22 02:37:27,v1,0.9541,0.9292,1.0,1.0,1.0,1.0,0.9146,0.9593,PASS
AU-10452,NT-001604,MD-220,2026-04-21 23:37:30,v1,1.0,1.0,1.0,0.9889,0.9987,0.9981,1.0,0.9987,PASS
AU-10453,NT-001608,MD-205,2026-04-24 13:52:04,v1,1.0,0.8933,0.9652,0.9495,1.0,0.9891,1.0,0.9696,PASS
AU-10454,NT-001610,MD-213,2026-04-23 09:49:21,v1,1.0,0.9568,1.0,0.9424,1.0,0.9637,0.8959,0.9682,PASS
AU-10455,NT-001611,MD-214,2026-04-21 06:31:28,v1,1.0,0.9337,1.0,0.9978,1.0,0.8367,1.0,0.9784,PASS
AU-10456,NT-001618,MD-210,2026-04-23 16:37:00,v1,0.8765,0.9146,1.0,0.9776,0.9916,1.0,0.9312,0.9324,PASS
AU-10457,NT-001620,MD-232,2026-04-23 09:19:10,v1,1.0,0.9241,0.9588,0.9576,0.9099,1.0,0.9431,0.9589,PASS
AU-10458,NT-001622,MD-209,2026-04-21 15:06:16,v1,0.9574,0.9876,0.8638,0.9958,0.9744,0.9463,0.9744,0.9616,PASS
AU-10459,NT-001626,MD-214,2026-04-23 10:54:24,v1,0.8705,0.8801,0.8885,0.8556,0.8918,0.9126,0.832,0.8712,PASS
AU-10460,NT-001629,MD-219,2026-04-24 02:53:39,v1,0.8167,0.9103,0.884,0.8213,0.7787,0.8806,0.8955,0.8538,PASS
AU-10461,NT-001630,MD-230,2026-04-24 06:50:17,v1,1.0,0.9555,1.0,1.0,0.8634,0.959,0.9183,0.9631,PASS
AU-10462,NT-001631,MD-204,2026-04-22 18:39:23,v1,1.0,1.0,0.9597,0.8841,0.9049,0.924,0.9283,0.9603,PASS
AU-10463,NT-001634,MD-203,2026-04-24 05:33:07,v1,0.8294,0.8902,0.8031,0.9165,0.9011,0.9364,0.8691,0.8661,PASS
AU-10464,NT-001636,MD-217,2026-04-23 13:07:37,v1,0.9708,1.0,0.9142,0.883,1.0,0.9658,0.9693,0.9646,PASS
AU-10465,NT-001645,MD-224,2026-04-22 11:52:26,v1,0.8307,0.7861,0.782,0.7598,0.8285,0.9076,0.7964,0.8083,FAIL
AU-10466,NT-001648,MD-232,2026-04-23 10:37:44,v1,1.0,0.9653,1.0,0.9296,1.0,0.9828,0.8859,0.968,PASS
AU-10467,NT-001668,MD-211,2026-04-25 14:02:30,v1,0.8964,0.9334,0.8184,0.8964,0.8328,0.8753,0.768,0.8693,PASS
AU-10468,NT-001669,MD-229,2026-04-23 23:45:40,v1,0.9353,0.8324,0.8938,0.9849,0.9099,0.9189,0.9175,0.9095,PASS
AU-10469,NT-001672,MD-229,2026-04-24 04:24:36,v1,0.8505,0.9662,0.898,0.8646,0.9227,1.0,0.8211,0.8901,PASS
AU-10470,NT-001673,MD-226,2026-04-23 11:52:54,v1,0.963,0.885,0.8778,0.8737,0.8478,0.8584,0.8389,0.8946,PASS
AU-10471,NT-001678,MD-219,2026-04-22 13:45:53,v1,0.9815,0.9195,0.974,1.0,1.0,1.0,1.0,0.9757,PASS
AU-10472,NT-001679,MD-218,2026-04-24 12:11:28,v1,0.9874,0.9193,1.0,0.9602,1.0,0.9964,0.9236,0.9644,PASS
AU-10473,NT-001682,MD-231,2026-04-23 16:21:47,v1,1.0,0.9767,0.9418,0.9625,0.937,0.9718,1.0,0.978,PASS
AU-10474,NT-001683,MD-225,2026-04-24 19:47:14,v1,0.9886,0.8971,0.9967,0.95,0.919,0.9441,1.0,0.9598,PASS
AU-10475,NT-001684,MD-216,2026-04-22 08:04:38,v1,1.0,0.9561,1.0,1.0,1.0,1.0,0.979,0.9881,PASS
AU-10476,NT-001685,MD-227,2026-04-24 08:44:42,v1,0.7434,0.9098,0.8748,0.8648,0.8568,0.9062,0.8327,0.8349,FAIL
AU-10477,NT-001690,MD-209,2026-04-25 05:26:25,v1,0.9871,0.8504,0.9192,1.0,0.8882,0.9076,0.8793,0.9242,PASS
AU-10478,NT-001692,MD-232,2026-04-22 09:22:13,v1,0.9745,0.9809,1.0,0.8846,0.9802,0.9481,1.0,0.9724,PASS
AU-10479,NT-001693,MD-229,2026-04-23 08:33:03,v1,1.0,1.0,1.0,1.0,1.0,1.0,0.9615,0.9942,PASS
AU-10480,NT-001695,MD-220,2026-04-23 16:04:13,v1,0.939,1.0,0.9073,0.9567,1.0,0.8852,0.9283,0.9516,PASS
AU-10481,NT-001697,MD-201,2026-04-22 20:21:55,v1,1.0,0.9726,0.9796,1.0,1.0,0.9473,1.0,0.9898,PASS
AU-10482,NT-001699,MD-216,2026-04-23 08:22:22,v1,1.0,0.9859,0.9388,1.0,1.0,0.9942,1.0,0.9908,PASS
AU-10483,NT-001707,MD-204,2026-04-24 02:13:21,v1,0.9905,0.9719,1.0,0.9395,0.9701,1.0,1.0,0.9825,PASS
AU-10484,NT-001708,MD-213,2026-04-23 12:27:15,v1,1.0,1.0,1.0,1.0,1.0,0.9248,1.0,0.9962,PASS
AU-10485,NT-001710,MD-209,2026-04-24 10:52:35,v1,0.7695,0.774,0.7619,0.7413,0.7785,0.6902,0.854,0.7764,FAIL
AU-10486,NT-001714,MD-217,2026-04-23 03:39:00,v1,0.9265,0.7638,0.95,0.9165,0.8755,0.7835,0.9029,0.8795,PASS
AU-10487,NT-001721,MD-211,2026-04-26 09:50:47,v1,0.9198,0.745,0.8846,0.958,0.8665,0.8614,0.8811,0.8711,PASS
AU-10488,NT-001724,MD-201,2026-04-26 16:51:06,v1,1.0,1.0,1.0,1.0,0.9618,0.9276,1.0,0.9926,PASS
AU-10489,NT-001725,MD-209,2026-04-25 15:24:46,v1,0.8877,0.8136,0.8763,0.8805,0.9513,0.7679,0.865,0.868,PASS
AU-10490,NT-001733,MD-209,2026-04-24 03:29:02,v1,0.9326,1.0,0.9109,0.9068,0.9749,0.9346,0.8766,0.9373,PASS
AU-10491,NT-001735,MD-209,2026-04-23 12:23:37,v1,0.8112,0.8801,0.8367,0.8594,0.9405,0.9895,0.9323,0.8724,PASS
AU-10492,NT-001740,MD-218,2026-04-23 11:21:34,v1,1.0,1.0,0.9224,0.8903,0.9111,1.0,0.9106,0.959,PASS
AU-10493,NT-001750,MD-201,2026-04-23 02:17:21,v1,0.9276,0.8766,1.0,0.9737,0.9975,0.9487,0.918,0.9359,PASS
AU-10494,NT-001755,MD-213,2026-04-24 08:29:36,v1,0.8604,0.7801,0.8219,0.7952,0.7065,0.7583,0.7663,0.7994,FAIL
AU-10495,NT-001757,MD-205,2026-04-23 09:43:27,v1,0.927,0.8561,0.9369,0.8837,0.9282,0.8897,0.8269,0.8927,PASS
AU-10496,NT-001758,MD-225,2026-04-23 18:41:11,v1,0.8857,0.7696,0.8579,0.8716,0.8704,0.7626,1.0,0.8678,PASS
AU-10497,NT-001766,MD-227,2026-04-25 14:26:06,v1,0.9583,0.9513,1.0,0.8798,0.9398,0.9225,0.9876,0.954,PASS
AU-10498,NT-001768,MD-215,2026-04-23 22:15:26,v1,0.8164,0.8157,0.9608,0.7926,0.8278,0.9193,0.771,0.8278,FAIL
AU-10499,NT-001770,MD-220,2026-04-24 11:50:40,v1,0.9356,0.9125,0.9273,0.9655,0.9071,0.9101,0.8809,0.9208,PASS
AU-10500,NT-001776,MD-227,2026-04-24 19:26:02,v1,0.9774,0.9216,1.0,0.955,0.9298,1.0,0.9634,0.9605,PASS
AU-10501,NT-001777,MD-230,2026-04-23 21:54:00,v1,0.9397,0.8686,0.8363,0.8145,0.9443,0.9435,0.9233,0.9008,PASS
AU-10502,NT-001779,MD-223,2026-04-22 23:22:05,v1,0.9752,0.9141,0.9901,1.0,0.9149,1.0,1.0,0.9659,PASS
AU-10503,NT-001781,MD-223,2026-04-26 07:22:08,v1,0.7975,0.851,0.9435,0.833,0.7502,0.7307,0.8705,0.8292,FAIL
AU-10504,NT-001783,MD-231,2026-04-26 00:13:37,v1,0.939,1.0,0.9293,0.9291,1.0,1.0,0.9778,0.9642,PASS
AU-10505,NT-001784,MD-221,2026-04-26 21:30:02,v1,0.9265,0.9805,0.9754,0.925,0.8698,0.921,0.9032,0.9326,PASS
AU-10506,NT-001788,MD-212,2026-04-25 00:22:23,v1,0.9593,0.9417,0.9135,0.9125,0.8092,0.8129,0.8378,0.906,PASS
AU-10507,NT-001794,MD-204,2026-04-24 08:57:43,v1,0.7912,0.875,0.8708,0.8745,0.8245,0.7759,0.7981,0.8279,FAIL
AU-10508,NT-001795,MD-205,2026-04-24 17:27:06,v1,0.9347,0.9181,0.9734,0.9549,0.9549,0.9466,1.0,0.9497,PASS
AU-10509,NT-001799,MD-224,2026-04-25 22:15:12,v1,0.8946,0.9493,0.7723,0.9409,0.781,0.9128,0.8819,0.8856,PASS
AU-10510,NT-001802,MD-224,2026-04-26 06:27:11,v1,0.9149,0.8666,0.7109,0.822,0.8366,0.8572,0.774,0.8437,FAIL
AU-10511,NT-001804,MD-208,2026-04-26 21:36:35,v1,0.8331,0.9987,0.9435,0.9255,1.0,0.9064,0.9166,0.9194,PASS
AU-10512,NT-001805,MD-229,2026-04-27 00:28:42,v1,0.8179,0.8492,0.8283,0.6904,0.7297,0.8052,0.7246,0.789,FAIL
AU-10513,NT-001808,MD-204,2026-04-27 07:38:28,v1,0.8462,0.8928,0.9743,0.9452,0.9187,0.9404,0.9575,0.9069,PASS
AU-10514,NT-001810,MD-227,2026-04-24 16:29:01,v1,1.0,0.9808,1.0,0.9176,1.0,1.0,1.0,0.9879,PASS
AU-10515,NT-001817,MD-219,2026-04-27 08:59:44,v1,0.966,0.8503,0.9457,0.823,0.8796,1.0,1.0,0.9247,PASS
AU-10516,NT-001825,MD-224,2026-04-27 09:11:58,v1,1.0,0.9586,0.9498,0.9833,0.9514,1.0,1.0,0.9802,PASS
AU-10517,NT-001831,MD-209,2026-04-24 09:16:36,v1,0.9506,1.0,0.9692,0.9976,0.9387,0.9839,0.9274,0.964,PASS
AU-10518,NT-001833,MD-203,2026-04-27 16:33:56,v1,0.9601,1.0,0.9691,0.9843,0.9722,0.9783,0.9875,0.9776,PASS
AU-10519,NT-001834,MD-208,2026-04-25 08:45:35,v1,0.909,0.9855,0.8653,0.8196,0.924,0.8852,0.929,0.9143,PASS
AU-10520,NT-001837,MD-220,2026-04-27 05:22:12,v1,0.9956,0.9463,0.9714,0.9463,1.0,0.9531,0.9636,0.9719,PASS
AU-10521,NT-001841,MD-216,2026-04-26 11:12:05,v1,0.8075,0.8747,0.8506,0.8819,0.9095,0.8558,0.8478,0.8514,PASS
AU-10522,NT-001842,MD-212,2026-04-27 09:06:52,v1,0.9351,0.941,0.9168,1.0,0.9716,0.9971,0.9911,0.9561,PASS
AU-10523,NT-001844,MD-204,2026-04-26 13:19:01,v1,0.9821,0.9562,0.9953,0.9318,0.9136,0.8492,1.0,0.9624,PASS
AU-10524,NT-001849,MD-208,2026-04-24 18:24:54,v1,0.9132,0.8293,0.8824,0.8864,0.8672,0.7961,0.8836,0.8758,PASS
AU-10525,NT-001850,MD-201,2026-04-24 22:09:03,v1,0.8655,1.0,0.9634,0.8409,0.8684,0.9334,0.9766,0.9201,PASS
AU-10526,NT-001855,MD-229,2026-04-25 23:32:10,v1,0.9414,0.8974,0.8753,0.9191,0.9944,0.9551,0.978,0.9352,PASS
AU-10527,NT-001862,MD-205,2026-04-25 09:42:18,v1,0.9716,0.8338,0.8115,0.8348,0.8112,0.9215,0.9007,0.8852,PASS
AU-10528,NT-001864,MD-206,2026-04-26 18:35:26,v1,0.9683,1.0,0.9559,1.0,1.0,0.9052,0.8893,0.9647,PASS
AU-10529,NT-001867,MD-209,2026-04-27 11:20:48,v1,1.0,1.0,0.9871,0.94,0.9538,0.9991,1.0,0.988,PASS
AU-10530,NT-001871,MD-215,2026-04-25 01:40:43,v1,0.9769,0.8733,0.8762,1.0,0.933,0.9792,0.943,0.939,PASS
AU-10531,NT-001878,MD-228,2026-04-28 09:44:47,v1,1.0,0.9604,0.8031,0.9617,0.8676,0.8561,0.8939,0.9322,PASS
AU-10532,NT-001879,MD-206,2026-04-25 11:12:52,v1,0.9763,0.9176,0.8661,0.8838,0.916,0.9163,0.8068,0.9098,PASS
AU-10533,NT-001885,MD-221,2026-04-27 23:03:45,v1,1.0,0.983,0.9698,0.8996,1.0,0.9271,0.8936,0.9639,PASS
AU-10534,NT-001886,MD-202,2026-04-28 08:24:46,v1,0.9834,0.9823,0.9344,0.9203,0.9431,0.9878,1.0,0.9706,PASS
AU-10535,NT-001887,MD-228,2026-04-26 01:01:35,v1,1.0,0.8861,0.9762,1.0,1.0,1.0,0.8926,0.9587,PASS
AU-10536,NT-001889,MD-207,2026-04-26 02:20:36,v1,0.9611,0.9309,0.9316,1.0,1.0,1.0,1.0,0.9677,PASS
AU-10537,NT-001894,MD-233,2026-04-27 21:25:43,v1,0.8277,0.7659,0.863,0.7866,0.8768,0.8097,0.8323,0.8195,FAIL
AU-10538,NT-001896,MD-207,2026-04-26 16:16:42,v1,0.9855,0.9977,0.9782,0.9711,0.9957,0.9669,0.986,0.9859,PASS
AU-10539,NT-001898,MD-201,2026-04-25 11:14:48,v1,0.9049,0.9658,0.9765,0.9261,0.9284,0.9294,0.9142,0.9313,PASS
AU-10540,NT-001900,MD-208,2026-04-25 00:48:19,v1,0.8753,0.9157,1.0,0.8823,0.9564,0.85,0.8842,0.9047,PASS
AU-10541,NT-001907,MD-228,2026-04-25 20:38:43,v1,0.9592,0.9755,0.9744,0.9327,0.9229,0.8583,0.9279,0.948,PASS
AU-10542,NT-001919,MD-223,2026-04-26 22:23:28,v1,0.7204,0.8811,0.8924,0.8816,0.8393,0.971,0.8365,0.8277,FAIL
AU-10543,NT-001921,MD-233,2026-04-28 16:25:31,v1,0.9771,1.0,0.9894,1.0,0.9637,1.0,1.0,0.9884,PASS
AU-10544,NT-001922,MD-227,2026-04-27 12:42:33,v1,1.0,0.9478,0.98,1.0,0.9567,0.986,0.9494,0.9749,PASS
AU-10545,NT-001924,MD-220,2026-04-25 15:46:36,v1,1.0,0.8835,1.0,0.9951,0.9571,1.0,0.9626,0.9663,PASS
AU-10546,NT-001926,MD-232,2026-04-25 17:09:30,v1,0.951,1.0,0.9521,0.8829,0.9686,0.9486,0.9439,0.9547,PASS
AU-10547,NT-001927,MD-234,2026-04-28 16:54:20,v1,0.9237,0.9536,0.8595,0.8051,0.8875,0.8581,0.9532,0.9089,PASS
AU-10548,NT-001928,MD-232,2026-04-26 05:20:12,v1,0.9752,0.9677,1.0,1.0,1.0,1.0,0.9948,0.9853,PASS
AU-10549,NT-001931,MD-212,2026-04-27 04:11:25,v1,0.8992,0.9772,0.8485,0.8132,0.9024,0.9122,0.9882,0.9154,PASS
AU-10550,NT-001939,MD-202,2026-04-26 07:53:05,v1,0.7995,0.7802,0.802,0.7346,0.7882,0.8431,0.8059,0.7914,FAIL
AU-10551,NT-001945,MD-228,2026-04-26 22:41:53,v1,0.9935,0.9313,0.8826,0.9627,0.9523,1.0,0.9327,0.954,PASS
AU-10552,NT-001956,MD-208,2026-04-28 18:43:48,v1,1.0,1.0,1.0,1.0,0.9196,0.9394,1.0,0.9889,PASS
AU-10553,NT-001959,MD-224,2026-04-26 18:54:32,v1,0.9274,0.9333,0.8623,0.8094,0.9227,0.9496,0.9992,0.9217,PASS
AU-10554,NT-001962,MD-231,2026-04-28 19:50:47,v1,0.921,0.9405,0.9804,0.9589,0.9985,0.9749,1.0,0.9569,PASS
AU-10555,NT-001963,MD-232,2026-04-26 06:24:10,v1,1.0,0.9214,0.9758,0.9139,1.0,0.9449,0.9406,0.9616,PASS
AU-10556,NT-001967,MD-227,2026-04-26 12:00:06,v1,0.8862,0.862,0.8901,0.8958,0.8697,0.8874,0.918,0.8859,PASS
AU-10557,NT-001968,MD-205,2026-04-29 10:43:20,v1,0.8778,0.8796,1.0,0.9287,0.882,1.0,0.9379,0.911,PASS
AU-10558,NT-001969,MD-220,2026-04-27 20:41:46,v1,1.0,0.9836,1.0,0.8614,0.8978,0.8643,0.9555,0.9592,PASS
AU-10559,NT-001971,MD-207,2026-04-27 22:35:57,v1,1.0,1.0,1.0,0.9753,0.932,1.0,1.0,0.9907,PASS
AU-10560,NT-001974,MD-211,2026-04-26 16:37:57,v1,0.8986,0.9782,1.0,0.9573,0.8668,0.9531,1.0,0.9453,PASS
AU-10561,NT-001979,MD-224,2026-04-28 03:36:27,v1,0.8376,0.8084,0.8159,0.8808,0.7122,0.8346,0.7857,0.8134,FAIL
AU-10562,NT-001981,MD-225,2026-04-27 18:44:13,v1,0.9495,0.981,0.9563,1.0,1.0,0.9829,0.9586,0.9696,PASS
AU-10563,NT-001985,MD-225,2026-04-30 12:37:17,v1,0.9036,0.8507,0.9165,0.875,0.8768,0.8716,0.8952,0.8859,PASS
AU-10564,NT-001986,MD-210,2026-04-27 01:26:01,v1,1.0,1.0,1.0,1.0,1.0,1.0,0.9098,0.9865,PASS
AU-10565,NT-001990,MD-202,2026-04-28 12:53:20,v1,0.9837,0.9205,1.0,0.9849,0.9699,0.9847,0.9371,0.9645,PASS
AU-10566,NT-001996,MD-223,2026-04-27 15:11:23,v1,0.9984,0.9917,0.8609,1.0,0.9503,0.9302,0.9835,0.973,PASS
AU-10567,NT-001997,MD-226,2026-04-29 04:05:37,v1,0.994,0.8801,0.9836,0.9132,1.0,0.8173,0.9619,0.9491,PASS
AU-10568,NT-001999,MD-212,2026-04-29 05:15:49,v1,0.9114,0.8887,0.8973,0.9284,0.9322,0.8938,0.9767,0.9182,PASS
AU-10569,NT-002000,MD-226,2026-04-28 16:07:10,v1,0.9075,0.875,0.9413,0.9613,1.0,0.9504,0.8587,0.9138,PASS
AU-10570,NT-002002,MD-223,2026-04-28 20:21:22,v1,0.7793,0.7291,0.6798,0.7869,0.7092,0.7657,0.7036,0.741,FAIL
AU-10571,NT-002006,MD-229,2026-04-28 13:01:04,v1,0.8718,0.8962,1.0,1.0,1.0,0.9112,0.9824,0.9337,PASS
AU-10572,NT-002007,MD-207,2026-05-01 14:42:34,v1,0.8879,0.8409,0.9187,0.9295,0.8678,0.8417,0.8785,0.88,PASS
AU-10573,NT-002011,MD-230,2026-04-30 04:31:41,v1,0.913,0.9304,0.9012,0.9704,1.0,1.0,0.8461,0.9241,PASS
AU-10574,NT-002019,MD-202,2026-04-28 23:18:07,v1,0.9108,0.8067,0.872,0.9415,0.9491,0.9812,0.9739,0.906,PASS
AU-10575,NT-002020,MD-207,2026-05-01 02:35:40,v1,1.0,0.9692,0.9341,1.0,0.9922,0.9823,1.0,0.9856,PASS
AU-10576,NT-002022,MD-233,2026-04-28 15:18:53,v1,1.0,1.0,0.998,0.9481,0.9186,1.0,0.86,0.9655,PASS
AU-10577,NT-002027,MD-215,2026-05-01 09:34:15,v1,1.0,0.9916,1.0,0.9236,0.9833,0.8892,1.0,0.9835,PASS
AU-10578,NT-002028,MD-225,2026-04-29 12:19:01,v1,1.0,0.9728,0.9678,1.0,1.0,0.8912,0.9314,0.9756,PASS
AU-10579,NT-002031,MD-211,2026-04-29 06:52:43,v1,0.8082,0.841,0.8372,0.8877,0.8107,0.9034,0.9771,0.856,PASS
AU-10580,NT-002032,MD-204,2026-04-28 20:47:07,v1,0.9896,0.9205,0.8352,0.8922,0.9329,0.9142,0.9253,0.9315,PASS
AU-10581,NT-002038,MD-201,2026-04-30 10:20:34,v1,0.9456,1.0,0.9256,0.9115,0.8697,0.9309,0.9983,0.9507,PASS
AU-10582,NT-002041,MD-210,2026-04-28 22:13:11,v1,0.978,0.8302,0.8675,0.911,0.9558,0.9745,0.9041,0.9172,PASS
AU-10583,NT-002045,MD-208,2026-04-30 10:45:38,v1,1.0,0.9638,0.973,0.8871,0.9037,0.8978,0.9411,0.9552,PASS
AU-10584,NT-002048,MD-234,2026-04-30 03:04:05,v1,1.0,0.9163,1.0,0.903,0.8174,0.9175,0.9298,0.9407,PASS
AU-10585,NT-002055,MD-232,2026-04-30 21:41:50,v1,1.0,0.9463,0.9615,0.8272,0.9464,1.0,0.9481,0.955,PASS
AU-10586,NT-002056,MD-224,2026-05-01 01:38:27,v1,0.914,1.0,0.9931,1.0,1.0,1.0,0.8531,0.9515,PASS
AU-10587,NT-002057,MD-205,2026-05-01 04:20:38,v1,1.0,0.9176,1.0,0.947,0.9486,0.9827,1.0,0.9722,PASS
AU-10588,NT-002060,MD-206,2026-04-28 21:43:51,v1,0.9774,1.0,1.0,0.9808,0.9788,1.0,1.0,0.9892,PASS
AU-10589,NT-002065,MD-216,2026-05-01 09:02:56,v1,0.9717,0.9442,0.9729,0.9326,0.9473,0.8518,0.8536,0.9363,PASS
AU-10590,NT-002068,MD-232,2026-05-01 14:15:49,v1,0.9154,1.0,0.8372,0.8199,0.8489,1.0,0.8824,0.9076,PASS
AU-10591,NT-002072,MD-215,2026-05-01 04:28:17,v1,0.9055,0.9867,0.9345,1.0,0.9961,1.0,1.0,0.9621,PASS
AU-10592,NT-002075,MD-219,2026-04-29 05:06:37,v1,0.9981,0.9822,1.0,0.8726,1.0,0.9688,1.0,0.9816,PASS
AU-10593,NT-002078,MD-234,2026-04-30 13:36:40,v1,0.8138,0.961,0.7566,0.8475,0.8048,0.8204,0.8892,0.8516,PASS
AU-10594,NT-002085,MD-230,2026-04-29 21:00:55,v1,0.9321,1.0,0.9266,0.9508,0.9335,0.9281,0.9468,0.9492,PASS
AU-10595,NT-002087,MD-216,2026-04-29 22:23:46,v1,1.0,1.0,0.9815,0.963,0.9136,1.0,0.92,0.9738,PASS
AU-10596,NT-002089,MD-219,2026-05-02 03:01:17,v1,0.9347,0.9685,1.0,0.8988,1.0,0.9462,0.9534,0.9543,PASS
AU-10597,NT-002092,MD-219,2026-04-30 21:25:30,v1,0.9511,1.0,0.9404,0.9373,1.0,1.0,1.0,0.9731,PASS
AU-10598,NT-002093,MD-230,2026-04-29 13:14:21,v1,0.532,0.478,0.537,0.4517,0.5196,0.4801,0.4935,0.5041,FAIL
AU-10599,NT-002095,MD-203,2026-04-30 02:25:08,v1,0.8587,0.9342,0.851,0.8682,0.8559,0.8251,0.8951,0.8775,PASS
AU-10600,NT-002098,MD-232,2026-04-30 16:23:11,v1,0.8482,1.0,0.8374,0.9287,0.9142,1.0,0.8315,0.8972,PASS
AU-10601,NT-002103,MD-220,2026-05-01 07:22:36,v1,1.0,1.0,1.0,1.0,1.0,0.9985,0.93,0.9894,PASS
AU-10602,NT-002110,MD-215,2026-05-02 06:58:58,v1,1.0,0.9603,0.9003,1.0,1.0,1.0,0.9433,0.9736,PASS
AU-10603,NT-002112,MD-234,2026-04-29 12:32:36,v1,0.9797,0.9758,0.9849,1.0,1.0,0.9862,0.9748,0.9831,PASS
AU-10604,NT-002113,MD-212,2026-05-01 01:27:41,v1,0.7895,0.8096,0.8755,0.779,0.7555,0.7427,0.8122,0.7987,FAIL
AU-10605,NT-002115,MD-226,2026-05-01 23:06:22,v1,0.9275,1.0,0.9749,1.0,0.9028,1.0,1.0,0.966,PASS
AU-10606,NT-002116,MD-234,2026-04-29 04:18:38,v1,0.95,1.0,0.9501,0.9829,0.9768,0.9219,1.0,0.9721,PASS
AU-10607,NT-002122,MD-233,2026-05-02 07:24:02,v1,0.6113,0.6666,0.6169,0.5473,0.597,0.5613,0.6284,0.6152,FAIL
AU-10608,NT-002123,MD-216,2026-04-29 04:41:07,v1,0.916,0.9589,0.9065,0.9146,0.9407,0.7789,0.9153,0.919,PASS
AU-10609,NT-002126,MD-209,2026-05-01 05:17:23,v1,0.9198,0.8885,0.87,0.9166,0.8413,0.9163,0.9548,0.9055,PASS
AU-10610,NT-002127,MD-225,2026-05-01 17:16:31,v1,0.8943,0.9804,0.9286,0.8344,0.9128,0.9135,0.9554,0.9209,PASS
AU-10611,NT-002128,MD-208,2026-04-29 13:55:53,v1,0.9624,0.873,0.9368,0.9584,0.9553,0.9614,0.9318,0.9362,PASS
AU-10612,NT-002129,MD-212,2026-05-01 18:56:56,v1,1.0,0.9666,0.938,0.9232,1.0,1.0,0.9121,0.9663,PASS
AU-10613,NT-002131,MD-229,2026-05-02 09:00:03,v1,0.8522,0.9693,0.7989,1.0,0.943,0.9331,0.9843,0.918,PASS
AU-10614,NT-002136,MD-232,2026-05-02 02:26:05,v1,0.9606,0.9671,1.0,0.9528,0.9146,0.9598,0.9821,0.9636,PASS
AU-10615,NT-002138,MD-228,2026-04-30 03:36:11,v1,0.9171,1.0,0.9475,1.0,0.9654,0.9367,1.0,0.9633,PASS
AU-10616,NT-002146,MD-231,2026-05-01 11:44:15,v1,0.8902,1.0,0.8974,0.9725,0.909,0.8527,0.9038,0.9231,PASS
AU-10617,NT-002147,MD-212,2026-04-29 08:43:29,v1,0.8939,0.8784,0.9571,0.8532,0.7796,0.8443,0.8903,0.8786,PASS
AU-10618,NT-002149,MD-212,2026-05-01 15:36:00,v1,0.9449,0.9141,1.0,0.8316,0.826,0.8714,0.8668,0.9057,PASS
AU-10619,NT-002154,MD-219,2026-04-29 19:32:46,v1,1.0,0.9296,0.9901,0.99,0.9935,0.9906,1.0,0.9828,PASS
AU-10620,NT-002155,MD-217,2026-04-30 16:24:33,v1,0.8029,0.9319,0.9932,0.9422,0.9898,0.9545,0.8945,0.9017,PASS
AU-10621,NT-002158,MD-201,2026-05-01 01:48:02,v1,0.9916,0.8829,0.8209,0.9408,0.911,0.9573,0.805,0.9099,PASS
AU-10622,NT-002159,MD-228,2026-05-01 04:15:37,v1,0.8054,0.8913,0.8693,0.8765,0.8996,0.8612,0.889,0.8608,PASS
AU-10623,NT-002162,MD-210,2026-04-30 22:33:40,v1,0.916,1.0,1.0,0.9902,0.9125,0.9241,0.9505,0.9539,PASS
AU-10624,NT-002164,MD-218,2026-04-30 14:09:56,v1,0.781,0.8887,0.8052,0.8384,0.9245,0.8668,0.7737,0.8282,FAIL
AU-10625,NT-002169,MD-215,2026-05-02 14:34:53,v1,0.8597,1.0,0.9829,0.9771,1.0,1.0,0.8854,0.9367,PASS
AU-10626,NT-002174,MD-226,2026-04-30 01:41:51,v1,0.8209,0.8491,0.7077,0.79,0.7891,0.8463,0.6948,0.7913,FAIL
AU-10627,NT-002178,MD-222,2026-05-01 20:53:58,v1,0.8962,0.7684,0.9202,0.9633,0.9323,0.7857,0.9686,0.8887,PASS
AU-10628,NT-002182,MD-209,2026-05-03 14:45:40,v1,0.9734,0.8136,0.8352,0.9094,0.8501,0.901,0.9302,0.8988,PASS
AU-10629,NT-002183,MD-222,2026-04-30 11:39:10,v1,0.9501,0.9251,0.9281,0.9485,0.956,1.0,0.967,0.9484,PASS
AU-10630,NT-002186,MD-214,2026-05-03 12:16:16,v1,0.9037,0.8018,0.8571,0.9623,0.8769,0.8908,0.8834,0.8782,PASS
AU-10631,NT-002187,MD-209,2026-04-30 10:19:33,v1,1.0,0.8004,0.9468,1.0,0.9315,0.9191,1.0,0.9439,PASS
AU-10632,NT-002192,MD-218,2026-05-03 05:35:32,v1,0.9044,0.9791,0.9984,0.8859,0.9383,0.9404,0.8763,0.9279,PASS
AU-10633,NT-002193,MD-222,2026-04-30 13:24:00,v1,0.9513,0.9253,0.9923,0.9134,1.0,0.9645,1.0,0.9592,PASS
AU-10634,NT-002194,MD-227,2026-05-03 05:47:19,v1,0.95,0.9402,0.9852,0.9884,0.9932,1.0,0.9641,0.9643,PASS
AU-10635,NT-002198,MD-220,2026-05-02 03:40:57,v1,0.9428,0.9514,1.0,0.8705,0.952,0.9224,0.9676,0.9466,PASS
AU-10636,NT-002200,MD-228,2026-04-30 08:20:35,v1,0.9409,1.0,1.0,0.9506,0.9453,0.9938,1.0,0.9715,PASS
AU-10637,NT-002203,MD-228,2026-05-01 11:29:09,v1,0.9302,0.959,1.0,0.9974,0.9282,0.8813,0.911,0.9441,PASS
AU-10638,NT-002206,MD-226,2026-05-02 10:19:27,v1,0.946,0.9735,0.9914,0.9324,0.9307,1.0,1.0,0.9639,PASS
AU-10639,NT-002210,MD-208,2026-05-01 01:18:52,v1,0.8441,0.9474,0.9142,0.904,0.7973,0.81,0.8577,0.8734,PASS
AU-10640,NT-002211,MD-209,2026-05-02 00:01:47,v1,0.882,0.9301,0.9164,0.8894,0.8869,0.8208,0.875,0.8922,PASS
AU-10641,NT-002215,MD-227,2026-04-30 08:38:01,v1,1.0,1.0,0.9447,0.9824,0.8847,0.9121,1.0,0.9768,PASS
AU-10642,NT-002216,MD-230,2026-04-30 04:11:29,v1,1.0,0.9654,1.0,1.0,0.9841,1.0,1.0,0.9915,PASS
AU-10643,NT-002218,MD-227,2026-05-01 15:42:21,v1,0.8455,0.911,0.947,0.9344,0.9198,0.9446,0.9777,0.9099,PASS
AU-10644,NT-002219,MD-220,2026-05-02 09:17:24,v1,0.954,0.8034,0.8756,0.8804,0.8694,0.931,0.8918,0.8897,PASS
AU-10645,NT-002220,MD-219,2026-05-02 09:11:04,v1,0.9015,0.9457,0.8648,0.9967,0.9663,0.9049,0.9702,0.9332,PASS
AU-10646,NT-002221,MD-202,2026-05-02 01:08:52,v1,0.8574,0.798,0.7948,0.9015,0.8819,0.8714,0.8967,0.8527,PASS
AU-10647,NT-002225,MD-201,2026-05-01 01:12:05,v1,0.8963,0.7839,0.7593,0.8203,0.7738,0.9104,0.862,0.8358,FAIL
AU-10648,NT-002228,MD-233,2026-05-01 04:52:04,v1,0.9094,0.8509,0.8386,0.8555,0.8706,0.7927,0.881,0.8712,PASS
AU-10649,NT-002231,MD-214,2026-05-03 03:41:11,v1,1.0,1.0,0.9414,0.9441,0.9829,0.886,0.9684,0.9764,PASS
AU-10650,NT-002234,MD-224,2026-05-03 01:23:29,v1,1.0,0.9448,0.9521,0.9682,1.0,0.9383,1.0,0.9779,PASS
AU-10651,NT-002236,MD-206,2026-05-03 14:35:49,v1,0.8561,0.9046,0.8755,0.8054,0.8781,0.8478,0.7946,0.8552,PASS
AU-10652,NT-002237,MD-226,2026-05-01 18:46:14,v1,0.899,0.9551,0.7865,0.7665,0.7681,0.8791,0.9444,0.8785,PASS
AU-10653,NT-002238,MD-203,2026-05-03 06:12:25,v1,0.7834,0.8875,0.8512,0.8093,0.7831,0.8849,0.8311,0.8258,FAIL
AU-10654,NT-002239,MD-230,2026-05-01 12:03:43,v1,0.9237,0.9771,0.9103,0.9672,0.9598,0.9792,0.9636,0.9498,PASS
AU-10655,NT-002242,MD-230,2026-05-04 11:23:11,v1,0.9086,0.8562,0.8808,0.9728,0.8514,0.8738,0.9471,0.9001,PASS
AU-10656,NT-002250,MD-219,2026-05-03 23:10:08,v1,1.0,0.9975,1.0,1.0,1.0,1.0,0.9905,0.9981,PASS
AU-10657,NT-002255,MD-232,2026-05-02 03:49:53,v1,0.9373,0.9327,0.8446,0.8892,0.8491,0.9843,0.8927,0.9091,PASS
AU-10658,NT-002259,MD-226,2026-05-02 22:35:02,v1,0.3738,0.4573,0.4708,0.3073,0.4573,0.3951,0.4067,0.4079,FAIL
AU-10659,NT-002263,MD-224,2026-05-03 13:51:25,v1,0.8186,0.8224,0.8057,0.9077,0.808,0.8536,0.8575,0.8335,FAIL
AU-10660,NT-002266,MD-213,2026-05-02 22:28:42,v1,0.7306,0.8399,0.8698,0.8397,0.8914,0.7925,0.8231,0.8103,FAIL
AU-10661,NT-002272,MD-205,2026-05-04 11:48:59,v1,1.0,0.9126,1.0,0.921,0.992,1.0,0.9217,0.9621,PASS
AU-10662,NT-002274,MD-221,2026-05-04 03:01:21,v1,0.8757,0.832,0.8761,0.8314,0.9136,0.8322,0.8815,0.8651,PASS
AU-10663,NT-002281,MD-209,2026-05-01 05:10:43,v1,1.0,0.8961,0.9421,0.9098,1.0,0.9326,0.9699,0.9565,PASS
AU-10664,NT-002290,MD-231,2026-05-04 21:55:09,v1,1.0,0.9026,0.9923,0.8849,0.9755,0.9179,0.9177,0.9493,PASS
AU-10665,NT-002292,MD-231,2026-05-03 12:56:16,v1,0.9658,0.8269,0.8516,0.9096,0.8594,0.9233,0.9088,0.8997,PASS
AU-10666,NT-002302,MD-226,2026-05-02 15:43:28,v1,0.8857,0.855,1.0,1.0,0.9065,0.922,0.9183,0.9112,PASS
AU-10667,NT-002305,MD-215,2026-05-01 19:57:10,v1,0.9276,0.979,0.9565,0.8835,0.9931,0.9831,1.0,0.9565,PASS
AU-10668,NT-002307,MD-231,2026-05-04 04:53:26,v1,1.0,0.9988,1.0,0.9722,0.94,0.9528,0.9982,0.9883,PASS
AU-10669,NT-002308,MD-213,2026-05-01 09:46:45,v1,0.9745,0.946,0.8724,0.9657,0.8878,0.9585,0.9223,0.9404,PASS
AU-10670,NT-002309,MD-201,2026-05-01 22:23:19,v1,0.9399,0.8753,0.9761,0.9311,0.8174,0.9522,0.9446,0.9188,PASS
AU-10671,NT-002314,MD-233,2026-05-04 04:41:24,v1,0.9073,0.9042,0.8585,0.8453,0.931,0.8811,0.7775,0.8772,PASS
AU-10672,NT-002315,MD-223,2026-05-05 10:04:26,v1,1.0,0.9231,0.8939,0.8975,0.9598,0.8871,0.997,0.9536,PASS
AU-10673,NT-002316,MD-214,2026-05-03 14:47:50,v1,0.9337,1.0,0.8939,1.0,0.9716,0.9826,0.9388,0.9566,PASS
AU-10674,NT-002317,MD-226,2026-05-02 04:52:01,v1,0.9716,0.8995,0.8951,0.8516,0.8901,0.9049,0.9439,0.9219,PASS
AU-10675,NT-002318,MD-228,2026-05-04 15:34:45,v1,1.0,0.9478,0.8993,0.9648,1.0,0.9934,1.0,0.9756,PASS
AU-10676,NT-002322,MD-220,2026-05-05 09:40:24,v1,1.0,0.8822,0.8333,0.8781,0.905,0.811,0.8689,0.9089,PASS
AU-10677,NT-002328,MD-222,2026-05-02 02:00:00,v1,0.9815,0.8486,0.8837,0.901,0.9044,0.8955,0.9372,0.9184,PASS
AU-10678,NT-002337,MD-216,2026-05-04 11:35:56,v1,0.5727,0.593,0.5799,0.5645,0.5236,0.5799,0.69,0.5897,FAIL
AU-10679,NT-002339,MD-215,2026-05-05 11:48:21,v1,0.9722,0.8749,0.9298,0.9117,0.873,0.9018,0.8862,0.9161,PASS
AU-10680,NT-002340,MD-221,2026-05-05 06:47:59,v1,0.9194,1.0,0.9454,1.0,1.0,0.9844,0.9066,0.9556,PASS
AU-10681,NT-002341,MD-215,2026-05-04 16:24:25,v1,1.0,0.9985,0.8856,0.857,0.984,0.9742,0.9108,0.9577,PASS
AU-10682,NT-002342,MD-227,2026-05-02 02:29:43,v1,0.8052,0.7732,0.7663,0.6995,0.7359,0.882,0.829,0.7848,FAIL
AU-10683,NT-002352,MD-226,2026-05-03 05:09:36,v1,0.8435,0.9987,0.9156,0.8899,0.8998,0.8922,0.9124,0.9048,PASS
AU-10684,NT-002356,MD-209,2026-05-02 02:31:15,v1,0.8792,0.7897,0.9372,0.8084,0.8431,0.9051,0.8581,0.8545,PASS
AU-10685,NT-002360,MD-232,2026-05-05 18:09:56,v1,1.0,1.0,0.9864,1.0,1.0,1.0,0.9903,0.9972,PASS
AU-10686,NT-002363,MD-210,2026-05-03 03:34:07,v1,0.9379,0.911,1.0,0.9706,0.8903,0.861,0.8904,0.9263,PASS
AU-10687,NT-002364,MD-202,2026-05-05 05:42:42,v1,0.621,0.5781,0.5862,0.5156,0.4449,0.5346,0.4931,0.5573,FAIL
AU-10688,NT-002366,MD-203,2026-05-05 18:25:41,v1,0.9277,1.0,0.9458,1.0,0.9877,1.0,0.8489,0.949,PASS
AU-10689,NT-002372,MD-233,2026-05-03 23:31:40,v1,0.7915,0.8257,0.8501,0.7681,0.853,0.8582,0.9393,0.8335,FAIL
AU-10690,NT-002376,MD-233,2026-05-02 21:39:38,v1,0.9612,0.8534,0.8297,0.9742,0.9214,0.8419,0.8917,0.9074,PASS
AU-10691,NT-002378,MD-228,2026-05-04 20:53:48,v1,0.9976,1.0,1.0,0.9455,0.9897,0.9588,0.9431,0.9822,PASS
AU-10692,NT-002382,MD-222,2026-05-03 03:49:11,v1,0.4313,0.4414,0.4719,0.4581,0.5752,0.5073,0.4058,0.4544,FAIL
AU-10693,NT-002384,MD-209,2026-05-05 14:51:18,v1,0.9907,0.8899,0.88,0.8548,0.8385,0.8453,0.8763,0.9062,PASS
AU-10694,NT-002386,MD-226,2026-05-05 16:59:51,v1,1.0,0.9387,0.9622,1.0,0.9948,0.9477,0.9931,0.9798,PASS
AU-10695,NT-002388,MD-209,2026-05-02 05:10:42,v1,0.8235,0.8167,0.8506,0.8358,0.819,0.8912,0.8979,0.8402,FAIL
AU-10696,NT-002394,MD-234,2026-05-03 03:30:10,v1,0.7441,0.8154,0.8149,0.9416,0.825,0.8193,0.9249,0.8241,FAIL
AU-10697,NT-002395,MD-223,2026-05-02 04:44:05,v1,0.8488,0.7683,0.877,0.8045,0.9934,0.7776,0.8662,0.8446,FAIL
AU-10698,NT-002406,MD-202,2026-05-05 07:38:53,v1,0.904,0.9496,1.0,0.9347,0.971,0.9757,0.9452,0.9423,PASS
AU-10699,NT-002408,MD-206,2026-05-04 17:22:42,v1,0.8325,0.8143,0.8465,0.8113,0.7693,0.7538,0.7975,0.8126,FAIL
AU-10700,NT-002410,MD-234,2026-05-04 16:36:08,v1,1.0,1.0,0.9546,0.9795,0.9963,0.9647,0.9877,0.9894,PASS
AU-10701,NT-002411,MD-230,2026-05-06 09:46:42,v1,0.8981,0.868,0.8535,0.8681,0.9761,0.8966,0.9792,0.9045,PASS
AU-10702,NT-002420,MD-226,2026-05-03 19:01:34,v1,0.9447,0.8714,1.0,0.9523,0.8992,0.8686,0.9666,0.9313,PASS
AU-10703,NT-002424,MD-231,2026-05-07 13:21:23,v1,0.8939,0.8731,0.935,0.8803,0.8959,0.957,0.8926,0.8957,PASS
AU-10704,NT-002428,MD-217,2026-05-06 02:26:38,v1,0.5241,0.5458,0.5174,0.577,0.5159,0.4889,0.5464,0.5338,FAIL
AU-10705,NT-002430,MD-210,2026-05-07 01:29:11,v1,0.965,0.9923,1.0,1.0,1.0,0.9278,0.8904,0.9679,PASS
AU-10706,NT-002433,MD-203,2026-05-05 10:23:58,v1,0.9423,1.0,0.9913,0.9704,0.9837,1.0,0.9541,0.9703,PASS
AU-10707,NT-002437,MD-230,2026-05-06 13:16:00,v1,0.7416,0.8667,0.8206,0.8969,0.7748,0.8243,0.8148,0.8085,FAIL
AU-10708,NT-002444,MD-209,2026-05-06 06:19:04,v1,0.7611,0.8756,0.8302,0.8634,0.8681,0.7926,0.9489,0.8416,FAIL
AU-10709,NT-002445,MD-208,2026-05-07 16:30:44,v1,0.9112,0.9553,0.9427,0.8817,0.9176,0.9804,0.8479,0.9148,PASS
AU-10710,NT-002449,MD-217,2026-05-07 01:12:51,v1,1.0,0.9655,0.9911,0.9882,1.0,1.0,1.0,0.991,PASS
AU-10711,NT-002451,MD-230,2026-05-08 10:48:24,v1,1.0,1.0,0.9859,0.9163,0.9858,0.8806,0.9236,0.9714,PASS
AU-10712,NT-002455,MD-229,2026-05-08 15:35:03,v1,0.8402,0.7848,0.7742,0.8396,0.7785,0.8734,0.7984,0.8117,FAIL
AU-10713,NT-002458,MD-215,2026-05-06 07:01:07,v1,1.0,0.9468,0.9124,0.9789,0.9458,0.9522,0.921,0.9588,PASS
AU-10714,NT-002462,MD-214,2026-05-07 04:18:29,v1,0.8997,0.9523,0.8939,0.9894,0.9517,0.8735,1.0,0.9376,PASS
AU-10715,NT-002463,MD-212,2026-05-07 16:20:33,v1,0.7546,0.9701,0.8945,0.9543,1.0,0.9779,0.8457,0.8811,PASS
AU-10716,NT-002467,MD-205,2026-05-05 15:35:42,v1,0.9191,0.9362,1.0,0.9918,0.9665,1.0,1.0,0.9588,PASS
AU-10717,NT-002469,MD-229,2026-05-05 04:02:56,v1,0.8809,0.8342,0.8998,0.8912,0.8404,0.7856,0.902,0.8688,PASS
AU-10718,NT-002471,MD-202,2026-05-05 07:28:38,v1,0.8923,0.7841,0.873,0.9251,0.8525,0.8695,0.8647,0.8628,PASS
AU-10719,NT-002472,MD-204,2026-05-07 18:36:53,v1,0.741,0.8826,0.9235,0.779,0.8757,0.8444,0.8641,0.8285,FAIL
AU-10720,NT-002480,MD-207,2026-05-06 13:19:45,v1,0.8183,0.8319,0.8195,0.8781,0.8049,0.9098,0.8196,0.8306,FAIL
AU-10721,NT-002483,MD-233,2026-05-06 08:19:57,v1,0.9944,1.0,0.9002,1.0,1.0,0.9901,0.9979,0.9875,PASS
AU-10722,NT-002497,MD-203,2026-05-06 14:27:57,v1,0.9195,0.9724,0.9524,0.9724,0.8943,1.0,1.0,0.9522,PASS
AU-10723,NT-002498,MD-213,2026-05-08 02:50:51,v1,0.9386,0.9201,0.964,1.0,0.9417,0.948,1.0,0.9536,PASS
AU-10724,NT-002503,MD-202,2026-05-07 01:44:44,v1,0.9597,0.9907,1.0,0.9495,1.0,0.9398,0.8735,0.959,PASS
AU-10725,NT-002508,MD-234,2026-05-06 11:10:58,v1,1.0,1.0,0.9814,1.0,0.9823,0.9834,0.9906,0.9941,PASS
AU-10726,NT-002512,MD-217,2026-05-05 19:51:44,v1,0.9284,1.0,0.8457,0.9936,1.0,1.0,1.0,0.9625,PASS
AU-10727,NT-002514,MD-230,2026-05-05 02:53:27,v1,0.8028,0.9097,0.9537,0.9188,0.8805,0.9324,0.8832,0.8772,PASS
AU-10728,NT-002520,MD-232,2026-05-08 11:00:50,v1,0.9328,1.0,0.9086,1.0,1.0,1.0,0.9778,0.9674,PASS
AU-10729,NT-002524,MD-219,2026-05-07 07:36:17,v1,0.7958,0.8533,0.8746,0.8431,0.8085,0.8574,0.8668,0.8349,FAIL
AU-10730,NT-002525,MD-214,2026-05-05 21:03:39,v1,0.9503,0.9081,0.9006,0.9435,0.8617,0.9221,0.8805,0.9155,PASS
AU-10731,NT-002526,MD-212,2026-05-06 14:12:45,v1,0.9808,1.0,0.9827,0.9921,0.9798,0.9496,0.829,0.9615,PASS
AU-10732,NT-002532,MD-226,2026-05-07 19:55:18,v1,0.9353,0.9877,1.0,0.9512,1.0,1.0,0.9595,0.9672,PASS
AU-10733,NT-002538,MD-215,2026-05-06 23:59:06,v1,0.9152,0.8481,0.9419,0.9543,0.8568,0.8422,0.815,0.8838,PASS
AU-10734,NT-002540,MD-229,2026-05-08 22:13:10,v1,0.913,0.9806,1.0,0.8459,0.9391,1.0,1.0,0.9485,PASS
AU-10735,NT-002557,MD-204,2026-05-09 16:19:58,v1,0.9271,0.8653,0.9103,0.8948,0.8654,0.9214,0.9766,0.9108,PASS
AU-10736,NT-002559,MD-225,2026-05-06 15:48:36,v1,0.9323,1.0,1.0,1.0,0.9572,0.9188,1.0,0.9714,PASS
AU-10737,NT-002572,MD-215,2026-05-07 20:14:30,v1,0.9941,1.0,0.9594,0.892,0.9688,0.9475,1.0,0.9776,PASS
AU-10738,NT-002575,MD-229,2026-05-08 10:24:55,v1,1.0,0.9182,0.9474,0.9352,0.9171,0.9744,0.989,0.9607,PASS
AU-10739,NT-002583,MD-226,2026-05-06 11:54:27,v1,0.9498,0.9638,0.855,0.9277,0.8568,0.9549,0.9867,0.9374,PASS
AU-10740,NT-002595,MD-202,2026-05-07 19:03:33,v1,0.9213,1.0,0.9662,0.9939,0.9299,1.0,0.9808,0.9625,PASS
AU-10741,NT-002596,MD-214,2026-05-10 17:16:38,v1,0.8848,0.9341,0.9122,0.9472,0.9402,0.8708,0.916,0.9132,PASS
AU-10742,NT-002597,MD-234,2026-05-09 14:44:48,v1,0.9648,0.9469,0.9628,1.0,0.9852,1.0,0.9796,0.9706,PASS
AU-10743,NT-002600,MD-232,2026-05-09 04:03:27,v1,0.9995,0.9961,1.0,1.0,1.0,0.9992,1.0,0.999,PASS
AU-10744,NT-002603,MD-221,2026-05-10 15:11:49,v1,0.5311,0.545,0.5225,0.5929,0.4951,0.4729,0.5777,0.5397,FAIL
AU-10745,NT-002604,MD-206,2026-05-10 11:11:50,v1,0.9356,0.9864,0.9829,1.0,1.0,0.9651,0.9431,0.9659,PASS
AU-10746,NT-002607,MD-208,2026-05-08 15:09:36,v1,0.9072,0.9952,1.0,0.9797,1.0,0.8819,1.0,0.9633,PASS
AU-10747,NT-002610,MD-222,2026-05-09 04:23:21,v1,0.6897,0.857,0.7584,0.8587,0.9224,0.8073,0.8212,0.7958,FAIL
AU-10748,NT-002614,MD-228,2026-05-10 12:22:04,v1,0.999,0.8253,0.9167,0.9678,0.8694,0.8831,0.9454,0.9261,PASS
AU-10749,NT-002621,MD-223,2026-05-07 05:52:15,v1,1.0,1.0,0.9696,0.9238,0.9189,0.9563,1.0,0.979,PASS
AU-10750,NT-002626,MD-222,2026-05-09 02:44:32,v1,0.8959,0.9793,0.9902,1.0,1.0,1.0,1.0,0.9637,PASS
AU-10751,NT-002627,MD-214,2026-05-09 07:59:34,v1,0.8136,0.854,0.836,0.8691,0.8141,0.8334,0.8517,0.8362,FAIL
AU-10752,NT-002628,MD-217,2026-05-08 06:21:35,v1,0.8811,0.9826,0.8759,0.9324,0.7945,0.9433,0.935,0.9086,PASS
AU-10753,NT-002638,MD-208,2026-05-07 22:38:48,v1,0.9087,0.9461,0.9263,0.92,0.9178,0.9719,0.9448,0.9286,PASS
AU-10754,NT-002640,MD-229,2026-05-09 08:24:24,v1,1.0,1.0,1.0,1.0,0.8984,1.0,0.9571,0.9834,PASS
AU-10755,NT-002644,MD-203,2026-05-08 10:01:51,v1,0.9202,0.9148,0.9771,0.9382,0.9584,0.9004,0.972,0.9372,PASS
AU-10756,NT-002645,MD-212,2026-05-07 23:12:50,v1,0.8644,0.9371,0.9417,0.8402,0.8771,0.8292,0.9827,0.9015,PASS
AU-10757,NT-002646,MD-222,2026-05-10 09:46:27,v1,0.9932,1.0,0.972,0.9758,0.9872,0.9438,1.0,0.9887,PASS
AU-10758,NT-002648,MD-204,2026-05-09 16:39:58,v1,0.9438,0.9407,0.9873,1.0,0.9123,1.0,1.0,0.9612,PASS
AU-10759,NT-002649,MD-214,2026-05-08 15:21:59,v1,0.7876,0.9434,0.892,0.8935,0.9037,0.8206,0.7854,0.8527,PASS
AU-10760,NT-002652,MD-233,2026-05-08 08:38:57,v1,0.9441,0.9035,0.9721,0.9075,1.0,0.971,0.8804,0.9325,PASS
AU-10761,NT-002655,MD-225,2026-05-10 13:54:46,v1,0.8779,0.8811,1.0,0.8116,0.995,1.0,0.9059,0.9061,PASS
AU-10762,NT-002659,MD-220,2026-05-09 08:03:02,v1,0.4885,0.5484,0.5737,0.4345,0.5505,0.5587,0.4556,0.5084,FAIL
AU-10763,NT-002667,MD-211,2026-05-08 04:08:34,v1,0.8292,0.9503,0.8733,0.9549,0.8329,0.7758,0.7391,0.8546,PASS
AU-10764,NT-002678,MD-209,2026-05-11 07:50:40,v1,1.0,1.0,0.9364,1.0,1.0,0.9995,0.9858,0.9915,PASS
AU-10765,NT-002679,MD-215,2026-05-09 15:49:01,v1,0.9475,0.8918,0.9801,0.9968,0.9559,0.944,0.9317,0.9429,PASS
AU-10766,NT-002680,MD-233,2026-05-11 06:27:22,v1,0.9398,0.9731,0.9494,1.0,0.8996,0.9525,1.0,0.9591,PASS
AU-10767,NT-002681,MD-208,2026-05-08 13:27:24,v1,0.9357,0.9687,0.9594,0.951,0.9095,0.9832,0.8951,0.9399,PASS
AU-10768,NT-002683,MD-201,2026-05-10 03:02:37,v1,0.8984,0.8182,0.9099,0.8851,0.7726,0.8475,0.9001,0.8673,PASS
AU-10769,NT-002687,MD-220,2026-05-08 22:17:34,v1,0.8362,0.8474,0.8396,0.8569,0.8484,0.8791,0.9516,0.8615,PASS
AU-10770,NT-002688,MD-209,2026-05-10 04:20:44,v1,0.9518,1.0,0.9535,0.8637,0.9678,0.9476,1.0,0.9614,PASS
AU-10771,NT-002689,MD-204,2026-05-08 16:35:00,v1,1.0,0.9983,1.0,0.9826,1.0,1.0,1.0,0.9979,PASS
AU-10772,NT-002691,MD-207,2026-05-11 05:27:41,v1,1.0,0.9835,0.9682,1.0,0.9569,1.0,1.0,0.9892,PASS
AU-10773,NT-002699,MD-211,2026-05-08 05:28:35,v1,0.9895,0.8728,0.9452,0.9588,0.9828,0.8519,0.7663,0.9177,PASS
AU-10774,NT-002714,MD-231,2026-05-09 10:48:16,v1,0.9646,0.9899,0.8794,0.9385,0.9347,0.9461,0.8597,0.9389,PASS
AU-10775,NT-002716,MD-222,2026-05-10 00:20:44,v1,1.0,0.9988,0.9371,0.9449,0.9686,1.0,0.939,0.9757,PASS
AU-10776,NT-002727,MD-209,2026-05-10 10:06:54,v1,0.9463,0.9929,1.0,0.8718,1.0,1.0,1.0,0.9697,PASS
AU-10777,NT-002730,MD-232,2026-05-08 20:50:43,v1,0.9785,1.0,0.9309,0.8781,1.0,0.9362,1.0,0.9713,PASS
AU-10778,NT-002735,MD-232,2026-05-10 23:24:38,v1,1.0,0.9854,1.0,1.0,0.9759,0.9836,1.0,0.9939,PASS
AU-10779,NT-002741,MD-229,2026-05-09 14:28:52,v1,0.9945,1.0,0.9799,0.9665,0.9742,0.9216,0.9152,0.9738,PASS
AU-10780,NT-002747,MD-217,2026-05-11 15:47:16,v1,0.7481,0.8658,0.8028,0.892,0.7774,0.8225,0.8616,0.8152,FAIL
AU-10781,NT-002749,MD-212,2026-05-11 12:41:27,v1,0.9849,0.867,0.9265,0.9232,0.9,0.8621,0.9497,0.9294,PASS
AU-10782,NT-002750,MD-218,2026-05-09 09:51:45,v1,0.9473,1.0,1.0,1.0,0.9794,0.9576,0.9129,0.9669,PASS
AU-10783,NT-002756,MD-201,2026-05-11 18:06:34,v1,1.0,0.9582,0.9642,0.9602,1.0,1.0,1.0,0.9841,PASS
AU-10784,NT-002759,MD-213,2026-05-09 01:56:03,v1,0.9679,0.8631,0.96,0.9316,0.8827,1.0,0.965,0.9352,PASS
AU-10785,NT-002764,MD-226,2026-05-11 16:19:41,v1,0.8142,0.7796,0.8746,0.7792,0.6943,0.8571,0.7683,0.7931,FAIL
AU-10786,NT-002772,MD-231,2026-05-09 19:41:27,v1,1.0,1.0,1.0,1.0,0.9357,0.9772,1.0,0.9924,PASS
AU-10787,NT-002773,MD-229,2026-05-11 13:03:02,v1,1.0,1.0,1.0,0.9704,0.9485,1.0,0.8985,0.9767,PASS
AU-10788,NT-002779,MD-227,2026-05-12 01:35:31,v1,0.5568,0.6129,0.5032,0.5045,0.5079,0.6565,0.5984,0.5638,FAIL
AU-10789,NT-002782,MD-206,2026-05-10 01:51:49,v1,1.0,0.9806,0.962,0.9869,1.0,0.8278,0.9775,0.979,PASS
AU-10790,NT-002785,MD-229,2026-05-09 10:35:51,v1,0.8222,0.9651,1.0,0.8177,0.8535,0.7753,0.7618,0.8598,PASS
AU-10791,NT-002786,MD-217,2026-05-11 14:22:56,v1,0.992,1.0,1.0,0.9397,0.9602,1.0,1.0,0.9876,PASS
AU-10792,NT-002787,MD-233,2026-05-11 22:32:53,v1,0.9929,1.0,0.9559,1.0,1.0,1.0,1.0,0.9935,PASS
AU-10793,NT-002788,MD-207,2026-05-10 11:02:34,v1,0.8534,0.9945,1.0,1.0,0.9153,1.0,0.9271,0.9355,PASS
AU-10794,NT-002789,MD-227,2026-05-11 01:01:13,v1,1.0,0.9635,0.8488,0.8644,0.7721,0.92,0.9027,0.9226,PASS
AU-10795,NT-002790,MD-227,2026-05-10 23:04:05,v1,0.8427,0.8202,0.7077,0.8044,0.861,0.8032,0.7729,0.8103,FAIL
AU-10796,NT-002792,MD-230,2026-05-09 03:06:48,v1,0.8402,0.9187,0.9681,0.9717,0.8057,0.8783,0.9171,0.8918,PASS
AU-10797,NT-002794,MD-216,2026-05-09 07:11:01,v1,0.7905,0.9016,0.8269,0.8435,0.8541,0.8351,0.8729,0.8426,FAIL
AU-10798,NT-002802,MD-228,2026-05-10 06:58:35,v1,0.7307,0.7738,0.8754,0.8273,0.7918,0.7406,0.7115,0.7672,FAIL
AU-10799,NT-002803,MD-231,2026-05-10 22:44:25,v1,0.973,0.9175,0.8385,0.9048,0.8215,0.9155,0.9327,0.9175,PASS
AU-10800,NT-002806,MD-227,2026-05-10 05:01:56,v1,0.8303,0.921,0.8038,0.9564,0.877,0.8755,0.8247,0.8645,PASS
AU-10801,NT-002807,MD-208,2026-05-10 03:08:28,v1,1.0,1.0,1.0,1.0,0.9962,1.0,1.0,0.9996,PASS
AU-10802,NT-002808,MD-216,2026-05-12 07:09:47,v1,1.0,0.9647,0.84,0.9886,0.9683,1.0,1.0,0.9726,PASS
AU-10803,NT-002810,MD-233,2026-05-09 16:19:35,v1,0.9479,0.8382,0.7981,0.8085,0.8453,0.8748,0.845,0.8677,PASS
AU-10804,NT-002816,MD-232,2026-05-09 20:58:05,v1,0.9775,0.9657,0.8798,0.9474,0.9416,0.9435,0.9601,0.9545,PASS
AU-10805,NT-002817,MD-223,2026-05-11 19:55:28,v1,0.8874,0.891,0.8184,0.8695,0.8689,0.831,0.9138,0.8787,PASS
AU-10806,NT-002818,MD-221,2026-05-13 07:49:55,v1,0.6083,0.5716,0.6223,0.6215,0.598,0.5559,0.5585,0.5925,FAIL
AU-10807,NT-002820,MD-219,2026-05-11 00:57:12,v1,0.814,0.8293,0.8606,0.795,0.8505,0.8178,0.7953,0.8209,FAIL
AU-10808,NT-002830,MD-224,2026-05-11 18:16:10,v1,0.9566,0.9364,0.8772,0.9794,1.0,1.0,0.8738,0.941,PASS
AU-10809,NT-002832,MD-202,2026-05-12 16:08:28,v1,1.0,0.9394,1.0,1.0,0.9809,0.9848,1.0,0.9852,PASS
AU-10810,NT-002837,MD-228,2026-05-11 17:16:57,v1,0.9953,1.0,1.0,1.0,0.9193,0.9425,0.7861,0.9555,PASS
AU-10811,NT-002840,MD-215,2026-05-10 08:19:53,v1,0.9836,0.8644,0.9825,0.8187,0.8482,0.8068,0.8515,0.901,PASS
AU-10812,NT-002848,MD-227,2026-05-13 06:56:53,v1,0.9447,0.9282,0.9795,1.0,0.9649,0.9333,0.956,0.9536,PASS
AU-10813,NT-002849,MD-225,2026-05-12 19:48:46,v1,0.9784,1.0,1.0,0.9805,0.9348,1.0,0.9275,0.9742,PASS
AU-10814,NT-002852,MD-206,2026-05-14 08:46:53,v1,0.8865,0.8442,0.9412,0.9617,0.8571,0.8444,0.9421,0.8943,PASS
AU-10815,NT-002856,MD-213,2026-05-13 20:34:50,v1,0.8849,0.9178,0.9523,0.8941,0.8959,0.8415,0.8092,0.8867,PASS
AU-10816,NT-002857,MD-220,2026-05-14 04:06:56,v1,0.9527,1.0,1.0,1.0,0.9458,0.9693,1.0,0.9789,PASS
AU-10817,NT-002870,MD-207,2026-05-12 17:37:24,v1,0.8681,0.9706,0.969,0.9312,1.0,0.9997,0.9699,0.9401,PASS
AU-10818,NT-002875,MD-205,2026-05-12 10:35:34,v1,0.8722,0.8437,0.8656,0.8862,0.8765,0.9476,0.9403,0.8816,PASS
AU-10819,NT-002876,MD-214,2026-05-13 08:52:49,v1,0.9639,0.9858,0.9253,0.9122,0.9547,1.0,1.0,0.9656,PASS
AU-10820,NT-002880,MD-213,2026-05-13 16:39:15,v1,0.8622,0.903,0.9196,0.9354,0.977,0.8964,0.8801,0.8993,PASS
AU-10821,NT-002881,MD-211,2026-05-13 23:43:30,v1,1.0,1.0,0.8744,0.9835,1.0,1.0,0.9187,0.9736,PASS
AU-10822,NT-002883,MD-224,2026-05-14 14:27:10,v1,0.9944,0.9205,0.9724,0.9727,0.9788,1.0,1.0,0.9748,PASS
AU-10823,NT-002885,MD-221,2026-05-12 14:43:22,v1,0.934,0.9925,1.0,1.0,1.0,1.0,1.0,0.9787,PASS
AU-10824,NT-002886,MD-223,2026-05-12 22:20:50,v1,0.9807,0.9777,0.8761,0.8773,0.9023,0.9472,1.0,0.9527,PASS
AU-10825,NT-002890,MD-217,2026-05-13 13:03:33,v1,0.9851,1.0,1.0,0.987,1.0,1.0,1.0,0.9942,PASS
AU-10826,NT-002892,MD-231,2026-05-14 06:51:45,v1,1.0,0.956,0.9739,1.0,0.9948,0.8998,0.9612,0.9772,PASS
AU-10827,NT-002894,MD-230,2026-05-12 16:49:17,v1,0.9757,1.0,0.9531,0.95,0.8924,0.908,0.8876,0.9508,PASS
AU-10828,NT-002898,MD-210,2026-05-15 02:10:48,v2,0.9665,0.9034,0.8338,0.8228,0.8689,0.7788,0.8631,0.9002,PASS
AU-10829,NT-002899,MD-226,2026-05-15 20:43:47,v2,0.8906,0.9738,0.9196,0.9476,0.887,0.9378,0.9311,0.789,FAIL
AU-10830,NT-002900,MD-209,2026-05-14 11:18:42,v1,0.9707,0.7975,0.9295,0.8596,0.9167,0.8859,0.7865,0.8836,PASS
AU-10831,NT-002904,MD-203,2026-05-14 18:58:32,v1,0.9554,0.8957,0.9115,1.0,0.9046,0.9507,0.9595,0.9389,PASS
AU-10832,NT-002906,MD-221,2026-05-14 19:06:53,v1,0.9421,0.9355,1.0,0.9254,0.9499,0.9489,0.9598,0.9487,PASS
AU-10833,NT-002912,MD-204,2026-05-13 21:17:23,v1,0.8048,0.7276,0.7949,0.7844,0.7546,0.7809,0.6477,0.7565,FAIL
AU-10834,NT-002913,MD-201,2026-05-13 03:33:02,v1,0.9233,0.8794,0.927,0.9408,0.8071,0.9518,0.9034,0.9035,PASS
AU-10835,NT-002915,MD-204,2026-05-13 12:11:18,v1,0.7699,0.8011,0.8361,0.7655,0.8168,0.7785,0.7446,0.7837,FAIL
AU-10836,NT-002917,MD-216,2026-05-14 21:53:27,v1,0.9123,0.9964,1.0,1.0,1.0,1.0,0.9513,0.9656,PASS
AU-10837,NT-002919,MD-210,2026-05-12 18:34:09,v1,0.8967,0.9378,0.8827,0.9469,0.9258,0.8304,0.9971,0.9232,PASS
AU-10838,NT-002923,MD-217,2026-05-14 20:15:12,v1,0.9535,0.9304,1.0,1.0,0.9682,0.9466,0.9701,0.9618,PASS
AU-10839,NT-002926,MD-208,2026-05-12 01:54:46,v1,0.9984,0.9203,0.9885,0.9581,0.9495,0.9679,1.0,0.9716,PASS
AU-10840,NT-002936,MD-220,2026-05-13 05:53:49,v1,1.0,0.9303,0.8637,0.973,0.9991,1.0,0.887,0.9527,PASS
AU-10841,NT-002939,MD-211,2026-05-13 06:41:49,v1,0.7926,0.9136,0.8834,0.9403,1.0,1.0,0.9134,0.8899,PASS
AU-10842,NT-002940,MD-213,2026-05-13 19:50:13,v1,0.9203,0.8857,0.905,0.8373,0.9768,0.9334,0.8901,0.9053,PASS
AU-10843,NT-002942,MD-231,2026-05-14 00:08:17,v1,1.0,1.0,1.0,0.999,1.0,0.9213,0.8714,0.9767,PASS
AU-10844,NT-002943,MD-203,2026-05-12 22:34:55,v1,0.8097,0.9657,1.0,0.9649,1.0,0.9136,0.8613,0.9074,PASS
AU-10845,NT-002945,MD-224,2026-05-15 00:34:37,v2,1.0,0.9167,0.9832,0.9995,1.0,1.0,1.0,0.9783,PASS
AU-10846,NT-002962,MD-229,2026-05-13 04:27:05,v1,1.0,1.0,1.0,0.9607,1.0,1.0,1.0,0.9961,PASS
AU-10847,NT-002971,MD-222,2026-05-14 22:19:10,v1,1.0,1.0,1.0,1.0,1.0,0.9573,0.9595,0.9918,PASS
AU-10848,NT-002974,MD-204,2026-05-13 10:13:11,v1,0.8763,0.949,0.9017,0.866,0.8976,0.8734,0.9458,0.9048,PASS
AU-10849,NT-002983,MD-216,2026-05-15 10:08:49,v2,0.9689,0.9911,0.9336,0.9366,0.892,0.9517,0.991,0.9631,PASS
AU-10850,NT-002987,MD-230,2026-05-15 21:53:48,v2,0.9562,0.9831,0.9465,0.9368,1.0,0.972,1.0,0.9701,PASS
AU-10851,NT-002989,MD-211,2026-05-14 23:38:34,v1,0.7768,0.7916,0.8927,0.8839,0.9691,0.8137,0.9139,0.8437,FAIL
AU-10852,NT-003000,MD-220,2026-05-14 13:04:39,v1,0.9463,0.958,0.9889,0.8761,0.9569,0.8002,0.8348,0.9229,PASS
AU-10853,NT-003005,MD-220,2026-05-17 06:24:13,v2,0.9833,0.9332,1.0,0.994,0.998,0.9668,1.0,0.975,PASS
AU-10854,NT-003010,MD-228,2026-05-15 17:18:12,v2,0.9295,0.873,0.9015,0.8758,0.9016,0.9233,0.9974,0.9123,PASS
AU-10855,NT-003011,MD-211,2026-05-17 01:42:34,v2,1.0,0.9774,0.9362,1.0,1.0,0.9373,0.9442,0.9824,PASS
AU-10856,NT-003014,MD-210,2026-05-14 21:50:00,v1,0.9397,1.0,0.9642,0.9682,0.998,0.9366,0.9925,0.9706,PASS
AU-10857,NT-003022,MD-227,2026-05-16 21:40:54,v2,0.843,0.9197,0.8878,0.915,0.9791,0.844,0.9166,0.8926,PASS
AU-10858,NT-003026,MD-218,2026-05-16 12:44:08,v2,1.0,1.0,0.8603,0.9216,1.0,0.8984,0.9466,0.9748,PASS
AU-10859,NT-003028,MD-218,2026-05-17 12:20:16,v2,0.9321,0.8615,1.0,0.8998,0.973,0.9597,0.8962,0.7712,FAIL
AU-10860,NT-003029,MD-232,2026-05-15 04:53:49,v2,0.9692,1.0,0.9631,0.9968,0.9862,1.0,1.0,0.9857,PASS
AU-10861,NT-003032,MD-206,2026-05-17 18:38:50,v2,1.0,1.0,0.9075,0.9461,0.9963,0.9465,1.0,0.9869,PASS
AU-10862,NT-003035,MD-205,2026-05-16 18:08:40,v2,1.0,0.9622,0.9568,1.0,1.0,1.0,0.9632,0.8347,FAIL
AU-10863,NT-003036,MD-229,2026-05-15 10:57:17,v2,0.9327,1.0,0.9451,1.0,0.9465,1.0,0.9908,0.9674,PASS
AU-10864,NT-003037,MD-217,2026-05-16 14:49:03,v2,1.0,1.0,0.9677,1.0,0.9191,1.0,0.9259,0.9829,PASS
AU-10865,NT-003041,MD-209,2026-05-16 16:08:20,v2,0.9643,1.0,0.9336,1.0,1.0,0.9401,0.9952,0.9807,PASS
AU-10866,NT-003045,MD-220,2026-05-16 15:30:12,v2,0.8882,0.9455,0.8966,0.909,1.0,0.9061,0.9552,0.9238,PASS
AU-10867,NT-003049,MD-210,2026-05-15 20:30:29,v2,0.9211,0.9445,1.0,0.9385,0.9406,0.9365,0.9076,0.934,PASS
AU-10868,NT-003052,MD-224,2026-05-15 15:26:20,v2,0.8661,0.8019,0.9409,0.8841,0.9169,0.792,0.8728,0.8576,PASS
AU-10869,NT-003060,MD-224,2026-05-16 12:10:01,v2,0.8295,0.9275,0.888,0.9365,0.8913,0.8496,0.8177,0.8736,PASS
AU-10870,NT-003071,MD-219,2026-05-15 19:20:20,v2,0.8202,0.7676,0.8828,0.8392,0.8658,0.8192,0.9199,0.8266,FAIL
AU-10871,NT-003073,MD-210,2026-05-17 16:46:54,v2,0.9804,0.8994,0.9153,0.9446,1.0,0.9677,0.8884,0.9454,PASS
AU-10872,NT-003074,MD-227,2026-05-14 19:51:10,v1,1.0,0.8889,0.8947,0.9102,0.8787,0.972,0.9967,0.9442,PASS
AU-10873,NT-003075,MD-232,2026-05-14 23:24:19,v1,0.9234,1.0,0.9142,0.9457,0.9042,0.991,0.9347,0.9432,PASS
AU-10874,NT-003077,MD-234,2026-05-15 23:05:44,v2,0.8528,0.9394,0.9886,0.9787,0.9233,0.8618,1.0,0.916,PASS
AU-10875,NT-003078,MD-221,2026-05-15 22:01:54,v2,1.0,1.0,0.9702,0.9273,0.9529,0.9721,1.0,0.9851,PASS
AU-10876,NT-003081,MD-227,2026-05-15 22:15:03,v2,0.9827,0.9741,0.9387,0.9018,0.9454,0.9718,0.9395,0.9617,PASS
AU-10877,NT-003083,MD-227,2026-05-16 10:27:30,v2,1.0,1.0,1.0,0.9994,1.0,0.9079,0.9439,0.9897,PASS
AU-10878,NT-003085,MD-214,2026-05-16 16:30:07,v2,1.0,1.0,0.9931,0.9631,0.9812,0.98,0.9946,0.9925,PASS
AU-10879,NT-003091,MD-213,2026-05-17 09:07:13,v2,0.9355,0.9502,0.9756,0.934,0.9538,0.8796,0.8558,0.9321,PASS
AU-10880,NT-003093,MD-207,2026-05-15 05:55:31,v2,0.9647,0.9906,1.0,0.9933,0.8655,0.8343,0.9016,0.9531,PASS
AU-10881,NT-003101,MD-213,2026-05-17 11:59:26,v2,0.8651,0.839,0.7801,0.749,0.6923,0.8449,0.8507,0.823,FAIL
AU-10882,NT-003106,MD-214,2026-05-18 14:34:44,v2,0.9883,0.8892,0.9801,0.8969,0.9866,0.9646,0.9967,0.9535,PASS
AU-10883,NT-003107,MD-231,2026-05-16 08:01:03,v2,0.8936,1.0,0.9477,0.9144,1.0,0.9393,0.869,0.9354,PASS
AU-10884,NT-003108,MD-223,2026-05-15 07:47:38,v2,0.838,0.7786,0.7693,0.8759,0.8748,0.8647,0.8218,0.8269,FAIL
AU-10885,NT-003119,MD-223,2026-05-17 16:34:50,v2,0.9757,0.8754,1.0,0.814,1.0,0.9332,0.8907,0.9275,PASS
AU-10886,NT-003125,MD-202,2026-05-15 18:27:58,v2,1.0,0.8935,0.9746,0.9374,0.8351,1.0,0.8826,0.9376,PASS
AU-10887,NT-003126,MD-229,2026-05-18 08:45:40,v2,0.8614,0.7672,0.8968,0.9137,0.8151,0.8741,0.9573,0.8504,PASS
AU-10888,NT-003128,MD-231,2026-05-15 17:13:37,v2,0.9961,0.9828,0.9556,0.9956,1.0,0.9782,1.0,0.9906,PASS
AU-10889,NT-003133,MD-207,2026-05-17 20:23:34,v2,0.9496,0.9487,0.9505,0.8949,0.9516,0.9641,0.8655,0.9365,PASS
AU-10890,NT-003135,MD-225,2026-05-16 05:56:39,v2,0.8904,0.9654,1.0,1.0,0.9835,0.9692,1.0,0.803,FAIL
AU-10891,NT-003136,MD-213,2026-05-14 21:48:34,v1,0.8868,0.9118,0.8583,0.7831,0.9189,0.8146,0.9196,0.8831,PASS
AU-10892,NT-003141,MD-234,2026-05-16 14:58:40,v2,0.9362,0.8508,0.9581,0.9013,1.0,0.9777,0.9514,0.9224,PASS
AU-10893,NT-003145,MD-207,2026-05-16 03:37:51,v2,0.9773,0.8841,0.9355,0.9444,0.9309,1.0,0.9558,0.943,PASS
AU-10894,NT-003154,MD-205,2026-05-16 22:43:49,v2,1.0,1.0,0.9858,1.0,0.9243,1.0,0.9948,0.9912,PASS
AU-10895,NT-003157,MD-229,2026-05-18 14:39:17,v2,0.9669,1.0,0.9703,0.9865,1.0,0.9925,1.0,0.9852,PASS
AU-10896,NT-003158,MD-228,2026-05-19 12:43:02,v2,0.9525,0.867,1.0,0.9445,1.0,0.9982,1.0,0.9445,PASS
AU-10897,NT-003161,MD-234,2026-05-17 02:46:07,v2,0.9532,0.864,0.8781,0.8758,0.9473,0.8605,0.8055,0.8994,PASS
AU-10898,NT-003166,MD-217,2026-05-16 09:29:36,v2,1.0,0.9007,1.0,0.8648,0.8866,0.8489,0.9937,0.9421,PASS
AU-10899,NT-003168,MD-201,2026-05-17 09:49:32,v2,0.9457,0.8951,0.9133,1.0,0.9679,0.8332,0.9085,0.9297,PASS
AU-10900,NT-003176,MD-204,2026-05-19 15:50:26,v2,0.8867,0.8554,0.9692,0.9612,0.8578,0.8275,0.8548,0.7543,FAIL
AU-10901,NT-003179,MD-206,2026-05-18 13:14:29,v2,0.8738,0.9852,0.9316,0.897,0.9652,0.839,0.9183,0.7802,FAIL
AU-10902,NT-003180,MD-203,2026-05-17 14:10:30,v2,0.9212,1.0,1.0,1.0,0.9442,0.9957,0.9779,0.9644,PASS
AU-10903,NT-003186,MD-213,2026-05-16 13:54:32,v2,0.9896,0.9383,0.8229,0.9368,0.8406,0.7812,0.9057,0.8063,FAIL
AU-10904,NT-003189,MD-233,2026-05-16 10:39:59,v2,0.8576,0.8714,0.8744,0.8751,0.7696,0.957,0.9335,0.8674,PASS
AU-10905,NT-003191,MD-218,2026-05-19 00:43:47,v2,0.846,0.8357,0.9094,0.8295,0.8182,0.7647,0.7242,0.8259,FAIL
AU-10906,NT-003192,MD-209,2026-05-19 10:08:01,v2,0.4789,0.56,0.6666,0.6104,0.5713,0.5596,0.6704,0.5541,FAIL
AU-10907,NT-003193,MD-215,2026-05-19 04:40:40,v2,0.9854,1.0,0.9703,1.0,1.0,0.9858,1.0,0.8434,FAIL
AU-10908,NT-003196,MD-226,2026-05-19 03:18:38,v2,1.0,1.0,0.9371,1.0,0.9271,0.9063,1.0,0.9849,PASS
AU-10909,NT-003200,MD-224,2026-05-18 11:03:32,v2,1.0,1.0,1.0,1.0,0.8605,1.0,0.9561,0.9817,PASS
AU-10910,NT-003205,MD-209,2026-05-17 20:00:51,v2,0.916,0.9981,1.0,1.0,1.0,0.9721,1.0,0.9687,PASS
AU-10911,NT-003206,MD-208,2026-05-18 06:47:53,v2,1.0,0.9772,0.9673,0.9959,1.0,1.0,1.0,0.9923,PASS
AU-10912,NT-003209,MD-214,2026-05-18 06:03:33,v2,0.9361,0.9877,0.9165,0.9402,0.9642,0.9853,0.9528,0.9554,PASS
AU-10913,NT-003210,MD-213,2026-05-16 13:53:09,v2,1.0,1.0,1.0,1.0,1.0,1.0,0.9665,0.9966,PASS
AU-10914,NT-003213,MD-207,2026-05-17 23:45:58,v2,0.9601,0.9454,0.8899,0.9512,1.0,0.9384,0.8762,0.9465,PASS
AU-10915,NT-003216,MD-208,2026-05-19 09:18:25,v2,0.8228,0.6686,0.843,0.8533,0.699,0.823,0.7127,0.7649,FAIL
AU-10916,NT-003220,MD-219,2026-05-17 14:28:44,v2,0.8938,0.9204,0.8862,0.8343,1.0,0.9954,0.9748,0.9179,PASS
AU-10917,NT-003222,MD-211,2026-05-18 17:13:56,v2,0.9853,0.9728,0.8557,0.9766,0.9091,1.0,0.9787,0.8264,FAIL
AU-10918,NT-003223,MD-224,2026-05-17 15:29:34,v2,0.9899,1.0,0.9284,1.0,1.0,1.0,1.0,0.9929,PASS
AU-10919,NT-003224,MD-226,2026-05-17 12:50:58,v2,0.9969,0.9619,0.9267,1.0,0.9883,0.8715,1.0,0.9781,PASS
AU-10920,NT-003231,MD-226,2026-05-18 06:14:44,v2,0.9063,0.8013,0.8501,0.8202,0.8539,0.8333,0.9571,0.8648,PASS
AU-10921,NT-003240,MD-223,2026-05-17 22:09:06,v2,0.8795,0.8809,0.9354,0.9055,0.9693,0.9044,0.9553,0.7609,FAIL
AU-10922,NT-003250,MD-215,2026-05-19 06:30:56,v2,0.7264,0.8544,0.8269,0.8494,0.9066,0.8054,0.8284,0.8079,FAIL
AU-10923,NT-003252,MD-223,2026-05-19 09:47:10,v2,0.8669,0.9701,0.8868,0.8618,0.803,0.8812,0.8208,0.8829,PASS
AU-10924,NT-003256,MD-229,2026-05-19 04:14:28,v2,0.7399,1.0,0.9269,0.9118,0.7761,0.8658,0.845,0.8519,PASS
AU-10925,NT-003258,MD-206,2026-05-18 18:20:32,v2,1.0,0.874,0.9018,0.8825,0.9211,0.902,0.7443,0.9135,PASS
AU-10926,NT-003259,MD-210,2026-05-19 02:58:06,v2,0.9785,1.0,1.0,1.0,0.9632,1.0,0.9414,0.9829,PASS
AU-10927,NT-003264,MD-202,2026-05-20 05:11:17,v2,0.8825,0.8771,0.9928,1.0,0.925,0.9887,0.9968,0.9194,PASS
AU-10928,NT-003267,MD-214,2026-05-20 23:11:21,v2,0.8826,0.9497,0.9185,0.937,0.9082,0.8258,0.8354,0.9016,PASS
AU-10929,NT-003269,MD-208,2026-05-19 05:11:04,v2,0.8237,0.7864,0.9104,0.8908,0.92,0.8096,0.9532,0.8473,FAIL
AU-10930,NT-003272,MD-231,2026-05-19 17:31:14,v2,0.9013,0.9276,0.8796,0.9677,0.9554,0.956,0.838,0.7719,FAIL
AU-10931,NT-003280,MD-229,2026-05-22 16:53:33,v2,1.0,0.9657,0.9473,0.9865,1.0,0.9466,1.0,0.9848,PASS
AU-10932,NT-003281,MD-206,2026-05-19 15:46:22,v2,0.9853,1.0,0.9714,1.0,0.9702,1.0,0.9257,0.983,PASS
AU-10933,NT-003284,MD-227,2026-05-22 01:32:03,v2,0.9181,0.8628,0.9601,0.9043,0.958,0.958,0.9561,0.9148,PASS
AU-10934,NT-003285,MD-219,2026-05-21 15:36:36,v2,1.0,0.9912,0.9831,1.0,0.9862,0.9748,1.0,0.9943,PASS
AU-10935,NT-003286,MD-232,2026-05-22 08:23:37,v2,0.8696,0.8984,0.8042,0.9652,0.9189,1.0,0.9478,0.9024,PASS
AU-10936,NT-003287,MD-227,2026-05-19 10:00:50,v2,0.9216,1.0,1.0,0.9755,0.962,0.9383,0.8866,0.9519,PASS
AU-10937,NT-003288,MD-227,2026-05-20 12:42:32,v2,0.9954,0.9752,0.9827,0.9756,1.0,0.9742,1.0,0.9876,PASS
AU-10938,NT-003294,MD-229,2026-05-22 11:57:16,v2,1.0,1.0,1.0,0.9929,0.9991,0.9636,0.9115,0.9885,PASS
AU-10939,NT-003298,MD-210,2026-05-19 03:04:30,v2,0.9777,0.8863,0.9143,0.9338,0.8307,0.8519,0.8802,0.9165,PASS
AU-10940,NT-003299,MD-208,2026-05-19 10:33:49,v2,1.0,0.9376,1.0,0.8958,0.9735,0.9736,0.9057,0.9606,PASS
AU-10941,NT-003303,MD-205,2026-05-19 02:38:59,v2,0.8744,0.9783,0.8706,0.9101,0.9585,0.9498,0.8714,0.9156,PASS
AU-10942,NT-003305,MD-205,2026-05-19 16:37:09,v2,0.8876,0.9442,0.9357,1.0,0.9444,0.9546,0.8079,0.9165,PASS
AU-10943,NT-003308,MD-227,2026-05-21 23:45:08,v2,0.8995,0.8266,0.7984,0.8395,0.8102,0.8462,0.8465,0.73,FAIL
AU-10944,NT-003311,MD-209,2026-05-21 18:26:21,v2,0.7089,0.6277,0.7544,0.7446,0.7752,0.7548,0.6508,0.5823,FAIL
AU-10945,NT-003315,MD-232,2026-05-20 06:23:45,v2,1.0,1.0,0.927,1.0,0.9099,0.9824,1.0,0.8464,FAIL
AU-10946,NT-003322,MD-225,2026-05-21 02:03:09,v2,0.9153,0.841,0.8751,0.9217,0.9022,0.9373,0.9136,0.7579,FAIL
AU-10947,NT-003325,MD-214,2026-05-19 22:38:16,v2,0.9992,0.9886,1.0,1.0,1.0,0.999,1.0,0.9968,PASS
AU-10948,NT-003327,MD-213,2026-05-19 05:30:38,v2,0.9246,0.7887,0.917,1.0,0.8813,0.8722,0.7802,0.8764,PASS
AU-10949,NT-003333,MD-220,2026-05-21 19:17:32,v2,0.921,1.0,0.923,0.8566,0.884,0.968,0.9011,0.9311,PASS
AU-10950,NT-003334,MD-231,2026-05-19 13:12:07,v2,0.6796,0.6191,0.6811,0.6587,0.7161,0.6057,0.6031,0.6548,FAIL
AU-10951,NT-003339,MD-231,2026-05-21 14:44:42,v2,0.8234,0.8804,0.8332,0.8539,0.9022,0.7462,0.9227,0.8551,PASS
AU-10952,NT-003340,MD-205,2026-05-22 06:03:11,v2,0.9892,0.9396,0.9495,0.9549,0.9898,1.0,0.9851,0.9716,PASS
AU-10953,NT-003344,MD-211,2026-05-22 20:00:40,v2,0.9355,0.8729,0.9535,0.9129,0.91,0.8771,0.9442,0.9139,PASS
AU-10954,NT-003346,MD-206,2026-05-19 18:17:54,v2,0.9253,0.9373,0.9398,1.0,0.8236,0.9422,0.8821,0.9228,PASS
AU-10955,NT-003348,MD-234,2026-05-20 10:23:17,v2,0.9543,0.9268,0.9775,0.9429,1.0,1.0,0.9661,0.9555,PASS
AU-10956,NT-003353,MD-233,2026-05-22 16:56:50,v2,1.0,0.9122,0.9597,0.9093,1.0,0.9607,0.9514,0.9601,PASS
AU-10957,NT-003357,MD-231,2026-05-22 12:04:35,v2,0.8477,0.8613,0.9449,0.8167,0.8627,0.8166,0.9528,0.8633,PASS
AU-10958,NT-003358,MD-232,2026-05-19 20:44:00,v2,0.8865,0.783,0.8475,0.9127,0.9514,1.0,0.9175,0.7314,FAIL
AU-10959,NT-003361,MD-219,2026-05-21 04:13:47,v2,0.7794,0.9402,0.8229,0.9646,0.9187,0.9379,0.8988,0.8741,PASS
AU-10960,NT-003362,MD-225,2026-05-22 00:32:19,v2,0.762,1.0,0.8894,0.8972,0.9718,0.9111,0.8379,0.8774,PASS
AU-10961,NT-003365,MD-225,2026-05-22 15:43:15,v2,0.9499,0.9316,0.9523,0.9304,0.9503,0.9899,0.8873,0.9393,PASS
AU-10962,NT-003368,MD-209,2026-05-22 12:49:54,v2,0.8457,1.0,0.7981,0.7175,0.7442,0.8411,0.8285,0.857,PASS
AU-10963,NT-003389,MD-230,2026-05-20 09:57:49,v2,0.9859,0.9094,0.8319,0.9496,1.0,0.8952,0.9271,0.9464,PASS
AU-10964,NT-003397,MD-218,2026-05-23 13:27:32,v2,0.9275,0.873,0.925,0.8819,0.7858,0.9295,0.958,0.8982,PASS
AU-10965,NT-003401,MD-228,2026-05-23 01:28:02,v2,0.8802,0.9565,0.8707,0.9468,0.8706,0.8996,0.8733,0.9048,PASS
AU-10966,NT-003404,MD-222,2026-05-22 12:54:53,v2,0.8058,0.7914,0.8075,0.7878,0.7955,0.8914,0.7708,0.8002,FAIL
AU-10967,NT-003405,MD-217,2026-05-22 15:09:22,v2,0.9009,0.9384,0.9617,0.9505,0.9661,0.9546,0.9578,0.9332,PASS
AU-10968,NT-003406,MD-228,2026-05-21 07:01:03,v2,0.8956,0.9618,0.9346,0.8487,0.9517,0.8413,0.8351,0.9062,PASS
AU-10969,NT-003410,MD-232,2026-05-20 11:59:38,v2,1.0,0.9484,0.8883,0.9929,0.9774,0.9765,0.9528,0.9726,PASS
AU-10970,NT-003412,MD-211,2026-05-22 04:28:49,v2,0.7389,0.8271,0.908,0.8897,0.9719,0.8397,0.7986,0.8188,FAIL
AU-10971,NT-003428,MD-229,2026-05-23 12:59:28,v2,0.9794,0.9916,1.0,0.9681,0.992,0.9455,1.0,0.984,PASS
AU-10972,NT-003431,MD-224,2026-05-21 21:29:35,v2,0.9533,0.953,1.0,1.0,1.0,0.8792,1.0,0.9659,PASS
AU-10973,NT-003432,MD-224,2026-05-22 20:55:39,v2,0.5215,0.5928,0.5424,0.6088,0.6492,0.5181,0.6661,0.5761,FAIL
AU-10974,NT-003436,MD-227,2026-05-22 05:34:13,v2,0.9825,0.9661,0.9556,1.0,0.9659,0.9225,0.8933,0.9652,PASS
AU-10975,NT-003440,MD-228,2026-05-21 02:25:31,v2,0.5405,0.6289,0.5288,0.5687,0.4323,0.5805,0.6206,0.4918,FAIL
AU-10976,NT-003443,MD-211,2026-05-23 23:32:12,v2,1.0,0.9124,0.937,1.0,1.0,0.9721,0.9323,0.9668,PASS
AU-10977,NT-003449,MD-228,2026-05-21 15:16:27,v2,0.9776,0.9669,0.964,0.9825,1.0,1.0,0.9288,0.9732,PASS
AU-10978,NT-003450,MD-202,2026-05-23 12:03:48,v2,0.8801,0.9451,0.8365,0.8744,0.8179,0.8854,0.9264,0.8923,PASS
AU-10979,NT-003451,MD-212,2026-05-24 16:13:27,v2,0.8572,0.9095,0.824,0.8389,0.8647,0.8457,0.9313,0.8744,PASS
AU-10980,NT-003452,MD-209,2026-05-23 22:36:12,v2,0.9238,0.9314,0.8175,0.8735,0.887,0.8451,0.9318,0.9085,PASS
AU-10981,NT-003453,MD-222,2026-05-21 21:10:54,v2,0.9689,1.0,0.9703,0.9801,0.8794,0.9467,0.9772,0.8334,FAIL
AU-10982,NT-003459,MD-202,2026-05-21 10:17:53,v2,1.0,1.0,0.9877,0.9963,1.0,1.0,0.9281,0.8418,FAIL
AU-10983,NT-003461,MD-223,2026-05-24 09:58:42,v2,0.7858,0.8303,0.7898,0.7068,0.7444,0.7541,0.5619,0.7611,FAIL
AU-10984,NT-003463,MD-207,2026-05-24 06:27:09,v2,1.0,1.0,1.0,1.0,0.9439,1.0,1.0,0.9944,PASS
AU-10985,NT-003472,MD-206,2026-05-23 11:41:57,v2,1.0,0.9583,0.9764,1.0,0.9968,1.0,0.9391,0.982,PASS
AU-10986,NT-003473,MD-212,2026-05-23 03:52:04,v2,0.9222,1.0,0.9706,0.9659,0.9247,0.9153,0.9667,0.9528,PASS
AU-10987,NT-003475,MD-228,2026-05-23 20:17:49,v2,0.9719,1.0,0.8936,0.8796,0.9654,1.0,0.9455,0.8174,FAIL
AU-10988,NT-003476,MD-211,2026-05-23 09:56:14,v2,0.8963,0.8781,0.82,0.8319,0.8516,0.8598,0.8186,0.7393,FAIL
AU-10989,NT-003477,MD-215,2026-05-21 11:38:05,v2,0.9514,1.0,0.8583,0.8217,0.9025,0.9198,0.8975,0.9341,PASS
AU-10990,NT-003480,MD-230,2026-05-21 07:16:50,v2,1.0,0.9598,0.9037,1.0,0.9847,0.9871,0.9419,0.9771,PASS
AU-10991,NT-003485,MD-230,2026-05-21 07:49:22,v2,0.9945,0.913,1.0,0.8872,0.9948,1.0,0.9711,0.9616,PASS
AU-10992,NT-003486,MD-233,2026-05-21 20:42:37,v2,0.7808,0.8014,0.8138,1.0,0.8168,0.9033,0.8387,0.825,FAIL
AU-10993,NT-003487,MD-232,2026-05-23 19:19:38,v2,0.8305,0.8968,0.9174,0.8763,0.9045,0.8303,0.9655,0.8769,PASS
AU-10994,NT-003493,MD-212,2026-05-22 04:24:59,v2,0.8143,0.8381,0.7923,0.6799,0.7345,0.8358,0.8535,0.8027,FAIL
AU-10995,NT-003496,MD-223,2026-05-21 09:44:54,v2,0.8268,0.7923,0.767,0.8193,0.7646,0.7255,0.7549,0.7959,FAIL
AU-10996,NT-003497,MD-234,2026-05-23 20:25:53,v2,0.9454,0.9712,0.904,0.8667,0.9575,0.9445,0.9274,0.9413,PASS
AU-10997,NT-003501,MD-232,2026-05-23 21:46:15,v2,0.9078,0.8063,0.8865,0.8887,0.7659,0.8445,0.8831,0.7408,FAIL
AU-10998,NT-003502,MD-220,2026-05-22 07:37:30,v2,0.8836,0.9727,0.9457,0.9385,1.0,0.9297,0.9035,0.9304,PASS
AU-10999,NT-003510,MD-213,2026-05-24 00:36:06,v2,1.0,0.8738,0.8359,0.8429,0.8504,0.8313,0.9027,0.9114,PASS
AU-11000,NT-003514,MD-204,2026-05-23 08:59:21,v2,1.0,1.0,0.9995,1.0,0.9513,0.9943,0.9849,0.9933,PASS
AU-11001,NT-003515,MD-217,2026-05-25 15:01:19,v2,0.9484,0.9708,0.8936,0.9978,0.9579,0.9059,1.0,0.9602,PASS
AU-11002,NT-003520,MD-217,2026-05-24 14:11:29,v2,0.9778,1.0,1.0,0.9137,1.0,0.9867,1.0,0.9829,PASS
AU-11003,NT-003523,MD-221,2026-05-22 19:19:04,v2,0.9548,0.8509,0.9703,0.9665,1.0,1.0,0.9125,0.9333,PASS
AU-11004,NT-003524,MD-228,2026-05-23 20:39:37,v2,0.9934,0.8221,0.9129,0.9794,0.852,0.9488,0.9884,0.9283,PASS
AU-11005,NT-003528,MD-202,2026-05-23 00:53:41,v2,0.9826,1.0,1.0,0.9885,0.9535,1.0,0.9645,0.9846,PASS
AU-11006,NT-003530,MD-203,2026-05-24 09:01:49,v2,0.895,0.882,1.0,0.8322,0.8491,0.9099,0.9708,0.7641,FAIL
AU-11007,NT-003535,MD-213,2026-05-23 10:00:29,v2,0.9948,0.9632,1.0,0.9952,1.0,0.9903,0.9536,0.9834,PASS
AU-11008,NT-003537,MD-203,2026-05-25 14:22:31,v2,0.9941,0.9003,0.9037,0.8961,0.988,0.8894,0.9017,0.9413,PASS
AU-11009,NT-003538,MD-216,2026-05-24 11:49:09,v2,0.9902,0.9985,0.9324,0.9612,0.9319,0.8852,0.9777,0.9741,PASS
AU-11010,NT-003539,MD-211,2026-05-25 11:47:10,v2,0.8978,0.9725,0.9621,1.0,1.0,1.0,0.8902,0.9445,PASS
AU-11011,NT-003543,MD-210,2026-05-24 21:09:49,v2,1.0,1.0,0.9941,0.9759,1.0,0.981,1.0,0.9963,PASS
AU-11012,NT-003546,MD-229,2026-05-25 10:04:24,v2,0.8687,0.7765,0.7766,0.8508,0.8033,0.787,0.8153,0.8233,FAIL
AU-11013,NT-003549,MD-214,2026-05-23 21:02:35,v2,0.9113,0.9219,0.9289,0.8395,0.9871,0.9045,0.8892,0.9127,PASS
AU-11014,NT-003551,MD-230,2026-05-23 20:25:25,v2,0.9592,0.9317,0.9478,1.0,0.9711,0.9739,0.994,0.9613,PASS
AU-11015,NT-003556,MD-219,2026-05-25 19:44:05,v2,0.9516,0.9152,0.9357,1.0,0.9609,1.0,0.9084,0.9456,PASS
AU-11016,NT-003562,MD-231,2026-05-25 09:05:28,v2,0.9268,0.9529,1.0,0.8728,0.9735,0.9405,0.905,0.9348,PASS
AU-11017,NT-003563,MD-222,2026-05-23 19:13:20,v2,0.9464,0.9176,0.8916,0.8864,0.9234,1.0,0.9515,0.9314,PASS
AU-11018,NT-003565,MD-219,2026-05-24 05:47:19,v2,0.5325,0.4803,0.5344,0.4655,0.4727,0.4767,0.5103,0.5018,FAIL
AU-11019,NT-003566,MD-234,2026-05-23 20:44:31,v2,0.8401,0.8217,0.9858,0.9654,0.8389,0.8165,0.8596,0.856,PASS
AU-11020,NT-003570,MD-227,2026-05-24 14:47:46,v2,0.9106,0.861,0.8631,0.9634,0.8278,0.8735,0.7454,0.8745,PASS
AU-11021,NT-003574,MD-224,2026-05-23 06:43:18,v2,0.8809,0.9328,0.9002,0.8595,0.9131,0.8913,0.8867,0.897,PASS
AU-11022,NT-003581,MD-218,2026-05-24 04:05:22,v2,0.9544,0.8805,0.8898,0.9335,0.9526,0.9421,0.7424,0.9086,PASS
AU-11023,NT-003586,MD-203,2026-05-24 07:33:18,v2,0.8531,0.8124,0.8322,0.8316,0.8533,0.9947,0.8655,0.713,FAIL
AU-11024,NT-003588,MD-230,2026-05-23 18:25:20,v2,0.9574,1.0,0.9234,0.97,0.9621,1.0,0.9696,0.9714,PASS
AU-11025,NT-003591,MD-227,2026-05-23 21:30:05,v2,0.8851,0.961,0.8834,0.949,0.9178,0.9017,0.908,0.7799,FAIL
AU-11026,NT-003592,MD-209,2026-05-25 22:44:21,v2,0.9859,0.9369,1.0,1.0,1.0,1.0,0.9252,0.9718,PASS
AU-11027,NT-003596,MD-211,2026-05-26 09:48:38,v2,0.952,0.9523,1.0,0.9607,1.0,1.0,0.9277,0.9601,PASS
AU-11028,NT-003599,MD-212,2026-05-25 12:52:42,v2,0.9658,0.9598,0.9472,0.9664,1.0,0.9362,0.9752,0.9663,PASS
AU-11029,NT-003603,MD-229,2026-05-23 05:48:49,v2,0.9543,0.9865,0.9817,0.9178,0.8775,0.9249,0.9039,0.9459,PASS
AU-11030,NT-003604,MD-221,2026-05-24 11:34:11,v2,0.8983,0.8834,0.8481,0.9492,0.9532,0.8806,0.7182,0.7444,FAIL
AU-11031,NT-003611,MD-214,2026-05-23 10:39:14,v2,0.9093,1.0,0.9556,0.8838,0.9982,0.9063,0.9892,0.8033,FAIL
AU-11032,NT-003613,MD-223,2026-05-23 23:45:01,v2,0.9402,0.9305,0.9342,0.9547,0.914,0.8845,0.9547,0.935,PASS
AU-11033,NT-003622,MD-233,2026-05-26 00:06:04,v2,0.771,0.7824,0.8353,0.7755,0.7844,0.7834,0.8322,0.7856,FAIL
AU-11034,NT-003624,MD-218,2026-05-23 21:08:50,v2,0.897,1.0,0.9792,0.9094,0.9529,0.9427,1.0,0.9463,PASS
AU-11035,NT-003628,MD-227,2026-05-25 09:26:39,v2,0.834,0.8867,0.7503,0.8248,0.7459,0.9373,0.8424,0.8393,FAIL
AU-11036,NT-003632,MD-213,2026-05-24 19:48:04,v2,1.0,0.9483,0.8129,0.9145,0.9639,0.9474,0.7974,0.9427,PASS
AU-11037,NT-003636,MD-234,2026-05-26 03:03:54,v2,0.9291,0.8777,0.9991,0.9783,0.9375,0.9492,0.9198,0.9256,PASS
AU-11038,NT-003638,MD-201,2026-05-26 02:00:56,v2,0.933,0.9453,0.9377,0.9866,1.0,0.982,0.9777,0.9553,PASS
AU-11039,NT-003639,MD-214,2026-05-26 05:03:33,v2,0.7569,0.6602,0.7545,0.7287,0.7352,0.724,0.7316,0.7234,FAIL
AU-11040,NT-003643,MD-216,2026-05-24 06:14:26,v2,1.0,1.0,0.9748,0.9677,1.0,1.0,0.9533,0.9908,PASS
AU-11041,NT-003644,MD-215,2026-05-25 08:07:42,v2,1.0,0.984,0.9304,0.9545,0.915,0.8742,1.0,0.9732,PASS
AU-11042,NT-003648,MD-203,2026-05-23 16:50:08,v2,0.948,1.0,0.9767,0.9365,0.9917,0.9274,0.9286,0.9627,PASS
AU-11043,NT-003649,MD-215,2026-05-25 16:43:47,v2,1.0,1.0,0.9499,1.0,1.0,1.0,1.0,0.9975,PASS
AU-11044,NT-003656,MD-217,2026-05-24 07:21:35,v2,0.7547,0.7198,0.8121,0.7073,0.669,0.776,0.7094,0.732,FAIL
AU-11045,NT-003659,MD-223,2026-05-26 05:36:03,v2,0.9464,1.0,0.9791,1.0,0.975,1.0,1.0,0.9777,PASS
AU-11046,NT-003660,MD-218,2026-05-25 18:59:28,v2,0.5265,0.488,0.4862,0.4418,0.4672,0.4936,0.4335,0.4895,FAIL
AU-11047,NT-003661,MD-201,2026-05-26 15:54:33,v2,0.9571,1.0,0.9905,0.9711,1.0,0.9334,1.0,0.9783,PASS
AU-11048,NT-003664,MD-212,2026-05-25 01:48:27,v2,1.0,1.0,0.9189,1.0,0.9298,1.0,0.958,0.9847,PASS
AU-11049,NT-003668,MD-216,2026-05-25 15:36:42,v2,0.9036,0.8724,0.82,0.9181,0.8841,0.9098,0.9793,0.899,PASS
AU-11050,NT-003672,MD-225,2026-05-24 13:25:33,v2,0.8108,0.7284,0.8629,0.8039,0.8316,0.8261,0.86,0.7999,FAIL
AU-11051,NT-003676,MD-231,2026-05-25 14:18:15,v2,0.9725,1.0,0.9806,0.9348,0.8549,0.9258,0.8924,0.8221,FAIL
AU-11052,NT-003677,MD-226,2026-05-25 12:03:45,v2,0.883,0.9397,0.9355,0.9266,0.8849,0.9111,0.9963,0.9171,PASS
AU-11053,NT-003680,MD-203,2026-05-26 22:54:13,v2,0.9999,0.938,0.9047,0.9477,0.9663,1.0,0.9531,0.8198,FAIL
AU-11054,NT-003682,MD-221,2026-05-28 10:58:01,v2,0.8214,0.8809,0.8643,0.8206,0.7561,0.9021,0.8774,0.8415,FAIL
AU-11055,NT-003684,MD-220,2026-05-28 12:21:02,v2,0.7714,0.8464,0.7585,0.7017,0.7993,0.7415,0.8199,0.7887,FAIL
AU-11056,NT-003685,MD-207,2026-05-26 00:23:29,v2,0.9548,0.8991,0.8596,0.8563,0.9382,0.851,0.9174,0.9157,PASS
AU-11057,NT-003690,MD-209,2026-05-25 08:44:26,v2,1.0,1.0,0.9763,0.9918,0.9296,0.9617,0.9442,0.9835,PASS
AU-11058,NT-003691,MD-220,2026-05-28 00:20:34,v2,0.8591,0.83,0.8626,0.8442,0.9003,1.0,0.9572,0.8715,PASS
AU-11059,NT-003693,MD-216,2026-05-28 01:12:43,v2,1.0,1.0,1.0,1.0,1.0,1.0,0.93,0.993,PASS
AU-11060,NT-003695,MD-210,2026-05-27 15:54:31,v2,0.9052,0.9497,0.7864,0.9131,0.9352,0.8468,0.9018,0.9109,PASS
AU-11061,NT-003696,MD-211,2026-05-25 04:22:32,v2,1.0,0.9996,0.9795,1.0,0.907,1.0,1.0,0.9896,PASS
AU-11062,NT-003698,MD-204,2026-05-25 15:41:38,v2,1.0,0.9911,1.0,0.9215,1.0,0.943,1.0,0.9871,PASS
AU-11063,NT-003699,MD-206,2026-05-25 08:28:22,v2,0.8646,0.9406,0.8841,0.8903,0.9861,0.9413,0.8266,0.8993,PASS
AU-11064,NT-003702,MD-209,2026-05-25 21:37:54,v2,0.9653,0.9553,0.8967,0.7831,0.8723,0.94,0.8835,0.9224,PASS
AU-11065,NT-003703,MD-214,2026-05-27 09:53:14,v2,0.9063,0.9126,0.9112,0.9406,0.9023,0.9296,0.8631,0.908,PASS
AU-11066,NT-003705,MD-226,2026-05-28 10:13:57,v2,0.9667,0.957,0.976,0.9078,0.949,0.8521,0.9867,0.9533,PASS
AU-11067,NT-003712,MD-202,2026-05-27 10:55:13,v2,1.0,0.9852,0.9325,1.0,0.972,0.9165,0.9944,0.8424,FAIL
AU-11068,NT-003713,MD-202,2026-05-28 12:40:49,v2,1.0,0.9274,0.8331,0.9796,0.9959,0.8778,0.9773,0.9627,PASS
AU-11069,NT-003716,MD-224,2026-05-28 09:51:13,v2,0.932,1.0,0.9129,0.9844,0.9607,0.9213,0.8674,0.9491,PASS
AU-11070,NT-003719,MD-211,2026-05-26 10:02:04,v2,0.9985,0.9309,0.9936,1.0,1.0,0.9975,1.0,0.9818,PASS
AU-11071,NT-003720,MD-208,2026-05-27 00:44:13,v2,0.9639,0.98,1.0,0.9686,0.8703,1.0,0.9718,0.9634,PASS
AU-11072,NT-003723,MD-208,2026-05-28 21:23:51,v2,0.9213,0.9286,0.8739,0.9437,0.9295,0.8835,0.9967,0.9295,PASS
AU-11073,NT-003725,MD-202,2026-05-29 09:37:50,v2,0.8467,0.744,0.7743,0.8226,0.8197,0.8474,0.9111,0.8188,FAIL
AU-11074,NT-003728,MD-232,2026-05-29 07:57:04,v2,0.942,1.0,0.9932,0.9483,0.8976,0.8827,1.0,0.9581,PASS
AU-11075,NT-003732,MD-206,2026-05-28 09:49:17,v2,1.0,1.0,0.9693,0.9306,1.0,1.0,0.965,0.988,PASS
AU-11076,NT-003733,MD-230,2026-05-28 03:34:44,v2,0.8537,0.8181,0.852,0.8298,0.8359,0.8868,0.685,0.8253,FAIL
AU-11077,NT-003734,MD-232,2026-05-29 21:03:50,v2,0.9573,0.7816,0.8311,0.8518,0.8404,0.8288,0.9323,0.7504,FAIL
AU-11078,NT-003735,MD-218,2026-05-28 08:13:53,v2,0.8812,0.9372,0.9083,1.0,1.0,1.0,0.8244,0.9206,PASS
AU-11079,NT-003745,MD-204,2026-05-30 17:08:55,v2,0.7924,0.869,0.8866,0.9301,0.8489,0.8779,0.7997,0.8407,FAIL
AU-11080,NT-003747,MD-233,2026-05-28 23:45:14,v2,0.9506,0.8791,0.9915,0.9997,0.8801,0.9071,0.9318,0.9286,PASS
AU-11081,NT-003748,MD-222,2026-05-28 22:52:36,v2,0.989,0.9125,1.0,1.0,0.9949,0.9049,0.9329,0.8176,FAIL
AU-11082,NT-003751,MD-205,2026-05-27 18:59:16,v2,0.753,0.9647,1.0,0.8654,0.9336,0.8723,0.8127,0.8595,PASS
AU-11083,NT-003752,MD-219,2026-05-27 10:47:56,v2,1.0,0.9465,0.9137,1.0,0.8856,0.9919,1.0,0.9705,PASS
AU-11084,NT-003754,MD-217,2026-05-30 17:52:31,v2,0.8611,0.6868,0.941,0.7661,0.7751,0.8336,0.8861,0.8045,FAIL
AU-11085,NT-003755,MD-219,2026-05-29 23:13:25,v2,0.963,1.0,1.0,0.9943,0.9259,1.0,0.9085,0.9699,PASS
AU-11086,NT-003757,MD-215,2026-05-27 00:08:36,v2,0.8427,0.9145,0.9476,0.8343,0.9073,0.76,0.8713,0.8703,PASS
AU-11087,NT-003761,MD-227,2026-05-27 05:22:23,v2,0.8808,0.8892,0.8952,0.8857,0.8782,0.8402,0.909,0.8846,PASS
AU-11088,NT-003767,MD-229,2026-05-28 16:11:37,v2,1.0,0.8306,0.9715,0.9412,0.9181,0.8922,1.0,0.9368,PASS
AU-11089,NT-003770,MD-202,2026-05-27 12:22:06,v2,0.9737,0.966,0.9447,0.9992,0.98,1.0,0.9577,0.9732,PASS
AU-11090,NT-003772,MD-218,2026-05-30 06:24:26,v2,0.8486,0.8678,0.953,1.0,0.9149,0.8605,0.7834,0.8745,PASS
AU-11091,NT-003773,MD-216,2026-05-28 03:29:05,v2,1.0,0.9871,1.0,0.9262,0.9266,1.0,0.9172,0.9738,PASS
AU-11092,NT-003784,MD-207,2026-05-27 12:56:25,v2,0.9224,0.9208,1.0,0.8732,0.9163,0.9259,0.9712,0.9254,PASS
AU-11093,NT-003791,MD-220,2026-05-29 20:24:57,v2,0.8968,0.9296,0.9273,0.9383,0.9654,0.9218,0.9033,0.9194,PASS
AU-11094,NT-003792,MD-201,2026-05-28 11:28:50,v2,1.0,0.9085,0.9171,1.0,0.9887,0.9813,0.9334,0.9643,PASS
AU-11095,NT-003796,MD-227,2026-05-29 07:15:32,v2,0.8914,0.9007,0.8863,0.8319,0.837,0.9277,0.8813,0.8829,PASS
AU-11096,NT-003803,MD-215,2026-05-29 15:15:11,v2,0.9488,0.9679,1.0,0.9214,0.9591,1.0,1.0,0.8162,FAIL
AU-11097,NT-003808,MD-201,2026-05-30 01:36:36,v2,0.994,0.9824,0.8826,0.939,0.9308,0.9666,0.9044,0.9634,PASS
AU-11098,NT-003809,MD-224,2026-05-31 11:52:00,v2,0.8768,0.9322,0.8966,0.7544,0.9154,1.0,0.8913,0.8909,PASS
AU-11099,NT-003812,MD-232,2026-05-30 08:26:05,v2,0.8759,0.9212,0.9518,1.0,0.8483,0.9382,0.9175,0.908,PASS
AU-11100,NT-003819,MD-222,2026-05-29 19:05:10,v2,0.7979,0.8058,0.9139,0.8306,0.7267,0.7544,0.7892,0.7988,FAIL
AU-11101,NT-003823,MD-231,2026-05-29 20:08:28,v2,0.9248,1.0,1.0,1.0,1.0,0.9902,0.9707,0.9703,PASS
AU-11102,NT-003827,MD-232,2026-05-29 01:46:05,v2,0.9925,1.0,0.969,1.0,0.9969,0.9082,0.8837,0.9793,PASS
AU-11103,NT-003834,MD-227,2026-05-31 18:07:36,v2,0.897,0.7948,0.8881,0.8662,0.9766,0.8837,0.8087,0.8664,PASS
AU-11104,NT-003839,MD-206,2026-05-30 20:46:58,v2,0.7005,0.7627,0.8843,0.8329,0.8748,0.858,0.8524,0.6486,FAIL
AU-11105,NT-003843,MD-232,2026-05-30 11:42:58,v2,1.0,0.9812,0.9707,1.0,0.9405,0.9789,1.0,0.9868,PASS
AU-11106,NT-003844,MD-207,2026-05-31 11:41:59,v2,1.0,0.9899,0.9606,0.9808,1.0,0.9281,0.9436,0.9843,PASS
AU-11107,NT-003852,MD-234,2026-05-29 23:08:50,v2,0.9262,0.963,0.9798,0.9477,1.0,1.0,0.9341,0.9521,PASS
AU-11108,NT-003853,MD-228,2026-05-28 20:37:56,v2,0.8532,0.7026,0.8704,0.8915,0.8791,0.7809,0.8645,0.8203,FAIL
AU-11109,NT-003854,MD-224,2026-05-29 12:14:43,v2,0.9427,0.9945,0.8863,0.8232,0.973,0.9108,0.8522,0.9333,PASS
AU-11110,NT-003856,MD-211,2026-05-29 19:59:19,v2,1.0,1.0,1.0,1.0,0.9908,0.9645,0.9639,0.8464,FAIL
AU-11111,NT-003857,MD-207,2026-05-28 20:34:56,v2,0.9134,0.8317,0.9777,0.8693,0.8638,0.9211,0.9301,0.8889,PASS
AU-11112,NT-003859,MD-227,2026-05-29 09:35:17,v2,0.8483,0.8176,0.8015,0.8335,0.8777,0.7975,0.8075,0.8331,FAIL
AU-11113,NT-003861,MD-208,2026-05-28 13:15:51,v2,0.8956,0.8809,0.9415,0.8422,0.9234,0.9412,0.9425,0.8986,PASS
AU-11114,NT-003865,MD-224,2026-05-28 16:31:19,v2,0.8406,1.0,0.9512,0.9519,0.9986,0.9412,0.9917,0.7861,FAIL
AU-11115,NT-003867,MD-216,2026-05-31 20:39:00,v2,0.9795,1.0,0.918,1.0,0.9464,0.9978,1.0,0.9833,PASS
AU-11116,NT-003881,MD-222,2026-05-31 07:53:26,v2,0.8146,0.8301,0.8765,0.8044,0.8906,0.8855,0.8163,0.8319,FAIL
AU-11117,NT-003883,MD-207,2026-05-28 21:33:09,v2,0.8949,0.8765,0.9019,0.9488,0.9923,0.9822,0.9894,0.7713,FAIL
AU-11118,NT-003885,MD-205,2026-05-30 06:37:18,v2,0.8812,1.0,0.9221,0.9598,0.9114,1.0,0.9251,0.9342,PASS
AU-11119,NT-003886,MD-227,2026-05-30 02:03:30,v2,0.949,0.8969,0.9182,1.0,0.9343,0.8367,0.8976,0.9273,PASS
AU-11120,NT-003888,MD-224,2026-05-29 19:31:29,v2,1.0,0.9308,1.0,0.9037,0.8526,0.9956,0.9751,0.9556,PASS
AU-11121,NT-003889,MD-210,2026-05-29 10:49:34,v2,1.0,0.8009,0.9635,0.9568,0.9459,1.0,0.9582,0.9345,PASS
AU-11122,NT-003891,MD-232,2026-05-29 16:15:40,v2,1.0,0.7873,0.9442,0.9014,0.8897,0.9266,0.9451,0.914,PASS
AU-11123,NT-003892,MD-210,2026-05-28 16:53:46,v2,1.0,0.98,0.9641,0.9403,1.0,1.0,0.8828,0.8255,FAIL
AU-11124,NT-003895,MD-218,2026-05-28 18:25:00,v2,0.7226,0.7896,0.7409,0.9052,0.8235,0.8689,0.7689,0.7805,FAIL
AU-11125,NT-003900,MD-206,2026-05-31 00:42:46,v2,0.9449,0.9459,0.9941,0.9565,0.9905,1.0,1.0,0.9616,PASS
AU-11126,NT-003902,MD-215,2026-05-31 04:15:35,v2,0.9915,0.9863,1.0,0.9962,0.9175,0.9729,0.8778,0.9714,PASS
AU-11127,NT-003904,MD-210,2026-05-30 03:12:48,v2,0.9354,0.9831,0.8032,0.9192,0.8605,0.9131,0.8684,0.9238,PASS
AU-11128,NT-003908,MD-224,2026-05-28 22:36:25,v2,0.7901,0.9474,0.9038,0.8821,0.9492,0.868,0.7862,0.7254,FAIL
AU-11129,NT-003909,MD-225,2026-06-01 09:42:09,v2,0.7633,0.9319,0.9602,0.9055,0.8622,0.8428,0.9275,0.8598,PASS
AU-11130,NT-003910,MD-220,2026-05-31 18:04:05,v2,0.8851,0.873,0.9105,0.8752,0.827,0.8384,0.9039,0.8761,PASS
AU-11131,NT-003913,MD-207,2026-05-30 08:46:10,v2,0.9374,0.9807,0.9031,0.9292,0.9162,0.878,1.0,0.9469,PASS
AU-11132,NT-003930,MD-221,2026-05-30 05:22:34,v2,0.9598,0.9647,0.9037,0.8526,0.9676,0.9736,0.8762,0.7952,FAIL
AU-11133,NT-003931,MD-222,2026-05-29 01:19:09,v2,0.8731,0.8294,0.9586,0.8418,0.9171,0.9553,0.884,0.8729,PASS
AU-11134,NT-003934,MD-228,2026-06-01 03:10:04,v2,0.9043,1.0,0.9767,0.9508,0.8797,0.8919,0.9556,0.9385,PASS
AU-11135,NT-003942,MD-232,2026-05-30 20:08:05,v2,0.8671,0.7852,0.8328,0.8556,0.9022,0.9391,0.8122,0.8454,FAIL
AU-11136,NT-003946,MD-212,2026-05-30 22:05:17,v2,0.8563,0.8361,0.9534,0.87,0.8678,0.9398,0.998,0.7432,FAIL
AU-11137,NT-003949,MD-220,2026-05-29 20:07:04,v2,0.8503,0.8618,0.877,0.8713,0.9077,0.8858,0.8791,0.867,PASS
AU-11138,NT-003950,MD-208,2026-05-28 22:58:51,v2,0.9298,1.0,0.9125,1.0,1.0,1.0,0.8312,0.9542,PASS
AU-11139,NT-003953,MD-229,2026-05-29 07:53:42,v2,0.9459,0.9179,0.9202,0.9883,0.9769,0.9742,0.9991,0.9517,PASS
AU-11140,NT-003956,MD-229,2026-06-01 11:11:11,v2,0.9063,1.0,0.98,0.9193,0.8554,0.9206,0.8841,0.9281,PASS
AU-11141,NT-003957,MD-202,2026-05-31 01:34:36,v2,0.9956,0.8904,0.8846,0.9735,1.0,0.9229,0.9623,0.8089,FAIL
AU-11142,NT-003958,MD-209,2026-05-29 19:38:01,v2,1.0,0.9103,0.9336,1.0,0.8954,1.0,0.957,0.9595,PASS
AU-11143,NT-003959,MD-231,2026-05-29 14:00:58,v2,0.9865,0.9416,0.9236,0.9523,1.0,0.8935,0.9973,0.9665,PASS
AU-11144,NT-003961,MD-220,2026-06-01 03:37:56,v2,0.9488,0.9392,0.9737,0.9706,0.9944,0.965,1.0,0.9603,PASS
AU-11145,NT-003970,MD-216,2026-05-30 13:33:04,v2,0.8861,1.0,0.9109,0.9282,1.0,0.9578,0.9718,0.7957,FAIL
AU-11146,NT-003971,MD-231,2026-05-30 12:02:56,v2,1.0,1.0,0.9828,0.9253,0.9885,1.0,0.9589,0.9864,PASS
AU-11147,NT-003973,MD-233,2026-05-30 05:32:14,v2,1.0,1.0,0.913,0.9331,0.9874,0.9822,0.9499,0.9818,PASS
AU-11148,NT-003978,MD-216,2026-05-31 14:47:09,v2,1.0,1.0,0.934,1.0,0.967,1.0,1.0,0.8467,FAIL
AU-11149,NT-003985,MD-208,2026-06-01 15:15:23,v2,0.9187,0.9333,0.9206,0.8809,0.9266,0.9028,1.0,0.9268,PASS
AU-11150,NT-003986,MD-234,2026-05-30 02:32:38,v2,0.9946,0.9313,1.0,0.958,0.9802,0.9945,1.0,0.9745,PASS
AU-11151,NT-003989,MD-227,2026-05-30 10:23:31,v2,0.9926,1.0,1.0,0.9977,0.9528,1.0,0.9276,0.9852,PASS
AU-11152,NT-003991,MD-221,2026-06-01 13:03:32,v2,1.0,0.9892,1.0,0.9442,1.0,0.988,0.9188,0.983,PASS
AU-11153,NT-003993,MD-233,2026-06-01 18:28:08,v2,0.9048,0.8531,0.9569,1.0,0.9539,0.8858,0.8255,0.9,PASS
AU-11154,NT-003994,MD-202,2026-06-02 08:51:37,v2,0.9942,0.9226,0.9463,1.0,0.9425,1.0,1.0,0.9702,PASS
AU-11155,NT-003996,MD-203,2026-06-02 00:24:38,v2,0.8501,0.9236,0.9151,0.8663,0.848,1.0,0.9428,0.7551,FAIL
AU-11156,NT-003997,MD-203,2026-06-02 14:41:56,v2,0.7856,0.8464,0.7529,0.7673,0.7995,0.9332,0.8205,0.8096,FAIL
AU-11157,NT-004001,MD-217,2026-06-02 11:33:40,v2,0.8494,0.8247,0.9512,0.8478,0.9611,0.8508,0.9872,0.8732,PASS
AU-11158,NT-004010,MD-223,2026-05-31 13:05:30,v2,0.9983,0.9245,1.0,0.9539,0.9233,0.9333,0.9607,0.961,PASS
AU-11159,NT-004011,MD-222,2026-05-31 00:16:22,v2,0.9654,0.9448,0.9563,0.9642,1.0,1.0,0.9982,0.9682,PASS
AU-11160,NT-004014,MD-223,2026-06-02 19:16:38,v2,0.8158,0.9287,0.9016,0.8296,0.8945,0.8123,0.8713,0.8629,PASS
AU-11161,NT-004015,MD-211,2026-06-02 11:48:40,v2,0.9633,0.9628,0.8797,0.9594,0.9967,0.9084,0.8988,0.9527,PASS
AU-11162,NT-004017,MD-214,2026-06-02 13:20:31,v2,0.8188,0.8051,0.7966,0.7391,0.7772,0.8226,0.7661,0.7971,FAIL
AU-11163,NT-004018,MD-231,2026-06-02 07:52:27,v2,0.776,0.887,0.792,0.8225,0.8045,0.9251,0.8879,0.8307,FAIL
AU-11164,NT-004019,MD-221,2026-05-30 05:19:53,v2,0.9596,1.0,1.0,0.9911,1.0,1.0,1.0,0.985,PASS
AU-11165,NT-004021,MD-230,2026-05-30 15:08:21,v2,0.9149,0.8803,0.8792,0.9731,0.8209,0.9546,0.8728,0.8987,PASS
AU-11166,NT-004027,MD-214,2026-05-31 02:26:04,v2,0.9586,0.8734,0.901,0.8805,0.8315,0.8483,0.8334,0.8959,PASS
AU-11167,NT-004028,MD-229,2026-06-01 20:42:50,v2,0.9552,0.9753,0.9334,1.0,0.9079,0.9187,0.9087,0.9524,PASS
AU-11168,NT-004031,MD-215,2026-05-31 09:07:59,v2,0.8141,0.8013,0.7947,0.8636,0.9509,0.8488,0.8101,0.8299,FAIL
AU-11169,NT-004035,MD-225,2026-06-02 10:24:45,v2,0.9919,1.0,0.9068,0.9941,0.9949,1.0,0.9415,0.9856,PASS
AU-11170,NT-004037,MD-229,2026-06-01 09:22:35,v2,1.0,1.0,0.9932,0.9536,1.0,0.9384,1.0,0.845,FAIL
AU-11171,NT-004038,MD-225,2026-05-31 10:09:02,v2,0.8922,0.925,0.967,1.0,0.8964,0.8889,1.0,0.926,PASS
AU-11172,NT-004039,MD-222,2026-05-30 20:37:56,v2,0.8974,0.9212,0.923,0.9066,0.9377,0.9056,0.93,0.9132,PASS
AU-11173,NT-004051,MD-212,2026-06-01 22:41:35,v2,1.0,0.9934,1.0,0.9248,0.9812,0.9652,0.9622,0.9834,PASS
AU-11174,NT-004054,MD-231,2026-06-02 00:18:31,v2,0.8214,0.8999,0.8793,0.9711,0.9366,0.9963,0.9359,0.8906,PASS
AU-11175,NT-004055,MD-209,2026-06-02 20:55:56,v2,1.0,0.937,0.8876,0.8572,0.8731,1.0,0.9176,0.9434,PASS
AU-11176,NT-004056,MD-215,2026-06-01 21:12:54,v2,0.5487,0.513,0.513,0.5768,0.455,0.5119,0.5939,0.5341,FAIL
AU-11177,NT-004059,MD-210,2026-06-02 05:30:29,v2,1.0,0.9644,1.0,0.9742,0.9779,0.8835,0.9872,0.9792,PASS
AU-11178,NT-004060,MD-217,2026-06-01 07:19:50,v2,0.9055,0.8751,1.0,1.0,0.921,1.0,1.0,0.9278,PASS
AU-11179,NT-004061,MD-201,2026-06-03 14:22:51,v2,0.8462,0.9283,0.8817,0.8303,0.7847,0.9307,0.862,0.8666,PASS
AU-11180,NT-004062,MD-221,2026-06-03 04:15:07,v2,0.9378,0.9811,0.9329,0.9357,0.8948,1.0,1.0,0.9532,PASS
AU-11181,NT-004063,MD-223,2026-06-03 15:40:08,v2,0.704,0.6974,0.7942,0.7959,0.8512,0.7607,0.716,0.7348,FAIL
AU-11182,NT-004078,MD-217,2026-06-02 21:20:14,v2,0.8025,0.9035,0.8461,0.7167,0.7356,0.865,0.8114,0.7019,FAIL
AU-11183,NT-004079,MD-213,2026-06-01 21:40:34,v2,0.95,1.0,0.9838,0.9688,0.9942,0.7959,0.9557,0.8241,FAIL
AU-11184,NT-004080,MD-233,2026-06-01 14:55:18,v2,0.8788,0.8898,0.8632,0.7498,0.8829,0.8406,0.7724,0.8557,PASS
AU-11185,NT-004093,MD-231,2026-06-04 22:29:53,v2,1.0,0.9814,1.0,1.0,1.0,1.0,1.0,0.9953,PASS
AU-11186,NT-004096,MD-211,2026-06-04 00:31:56,v2,0.8824,0.9099,0.9263,0.9917,0.9318,0.8663,0.9471,0.913,PASS
AU-11187,NT-004099,MD-232,2026-06-03 12:56:08,v2,0.9433,1.0,0.8396,0.9178,0.9378,0.9123,0.9725,0.8112,FAIL
AU-11188,NT-004105,MD-215,2026-06-03 00:15:09,v2,0.8076,0.8487,0.8178,0.8482,0.8615,0.8209,0.8588,0.8336,FAIL
AU-11189,NT-004109,MD-217,2026-06-05 14:30:49,v2,1.0,0.987,0.9279,1.0,0.9996,0.9937,0.9802,0.9908,PASS
AU-11190,NT-004110,MD-204,2026-06-04 03:21:30,v2,0.7891,0.8957,0.9201,0.9813,0.8987,0.819,0.8149,0.8565,PASS
AU-11191,NT-004111,MD-232,2026-06-02 22:14:02,v2,0.9724,1.0,0.9408,0.9668,0.9443,0.9663,0.9933,0.8334,FAIL
AU-11192,NT-004113,MD-212,2026-06-02 14:57:10,v2,0.8869,0.8957,0.8572,0.9158,0.7949,0.8885,0.9301,0.8857,PASS
AU-11193,NT-004121,MD-209,2026-06-03 14:59:43,v2,0.9265,1.0,0.8726,0.8712,1.0,1.0,0.9473,0.9497,PASS
AU-11194,NT-004124,MD-212,2026-06-05 16:14:44,v2,0.8338,0.8457,0.8463,0.9349,0.7809,0.8462,0.8477,0.7238,FAIL
AU-11195,NT-004128,MD-210,2026-06-02 19:16:40,v2,0.8473,0.8881,0.7771,0.9336,0.9613,0.8108,0.8568,0.8732,PASS
AU-11196,NT-004133,MD-219,2026-06-02 20:26:25,v2,0.8943,0.8624,0.9107,0.9178,0.8629,1.0,0.9201,0.8942,PASS
AU-11197,NT-004134,MD-205,2026-06-03 16:43:48,v2,0.9152,1.0,1.0,1.0,0.94,0.9521,1.0,0.9619,PASS
AU-11198,NT-004135,MD-220,2026-06-04 21:11:51,v2,0.8908,0.8752,0.9388,0.8925,0.9236,0.8672,0.9827,0.9008,PASS
AU-11199,NT-004146,MD-216,2026-06-04 00:43:12,v2,0.846,0.9641,0.9045,0.8909,0.8875,0.8007,0.8739,0.8876,PASS
AU-11200,NT-004149,MD-215,2026-06-02 04:55:01,v2,0.8347,0.9574,0.8366,0.8991,0.8702,0.8672,0.8266,0.8763,PASS
AU-11201,NT-004156,MD-229,2026-06-05 16:21:53,v2,0.9164,0.9615,0.7885,0.9842,0.9648,0.875,1.0,0.9392,PASS
AU-11202,NT-004160,MD-230,2026-06-03 19:27:58,v2,0.881,0.9841,0.8951,0.9348,0.9399,0.8345,0.9681,0.7894,FAIL
AU-11203,NT-004161,MD-225,2026-06-04 23:41:43,v2,0.9655,1.0,1.0,0.9663,0.9606,1.0,0.9945,0.9801,PASS
AU-11204,NT-004172,MD-204,2026-06-05 16:26:14,v2,0.8552,0.8203,0.6965,0.8587,0.8498,0.8181,0.8115,0.8321,FAIL
AU-11205,NT-004182,MD-218,2026-06-03 08:15:47,v2,1.0,0.9148,0.8345,0.8843,0.8953,0.8919,1.0,0.8089,FAIL
AU-11206,NT-004183,MD-213,2026-06-04 09:09:54,v2,0.8737,0.8903,0.9692,0.8441,0.8948,0.8045,0.824,0.8734,PASS
AU-11207,NT-004186,MD-221,2026-06-06 18:33:31,v2,0.9198,0.9129,0.9487,1.0,1.0,1.0,1.0,0.9476,PASS
AU-11208,NT-004190,MD-232,2026-06-04 16:55:32,v2,0.9005,0.8356,0.9212,0.8358,0.7326,0.8777,0.9267,0.8635,PASS
AU-11209,NT-004193,MD-216,2026-06-03 09:34:47,v2,0.9612,0.9484,0.9894,1.0,0.9378,0.957,1.0,0.9646,PASS
AU-11210,NT-004196,MD-226,2026-06-03 18:22:20,v2,0.8387,0.9061,0.9392,0.8739,0.9001,0.8669,0.8845,0.8762,PASS
AU-11211,NT-004197,MD-231,2026-06-05 07:35:04,v2,0.9078,0.863,0.855,0.8895,1.0,0.9378,0.8797,0.9,PASS
AU-11212,NT-004198,MD-216,2026-06-04 14:35:48,v2,0.9268,0.9152,1.0,0.9037,0.8263,0.9388,0.8613,0.9092,PASS
AU-11213,NT-004201,MD-234,2026-06-06 13:13:54,v2,1.0,1.0,1.0,1.0,0.9521,0.9159,0.9016,0.8402,FAIL
AU-11214,NT-004202,MD-213,2026-06-04 10:33:20,v2,0.8664,1.0,0.9988,0.9178,0.9517,0.8426,0.8982,0.9221,PASS
AU-11215,NT-004206,MD-212,2026-06-04 13:52:50,v2,0.9969,1.0,0.9107,0.9497,1.0,0.8718,1.0,0.983,PASS
AU-11216,NT-004207,MD-202,2026-06-04 20:18:32,v2,0.8075,0.8198,0.8912,0.84,0.7799,0.7824,0.9259,0.8259,FAIL
AU-11217,NT-004208,MD-213,2026-06-05 07:43:56,v2,0.9628,0.9061,0.9386,0.9254,0.9056,0.9155,0.9206,0.9314,PASS
AU-11218,NT-004211,MD-232,2026-06-05 04:00:35,v2,0.9081,0.8478,0.9548,0.9086,1.0,0.89,0.9494,0.9078,PASS
AU-11219,NT-004215,MD-209,2026-06-04 07:07:05,v2,0.9033,1.0,0.8603,0.8964,0.9905,0.9081,0.9533,0.9386,PASS
AU-11220,NT-004217,MD-207,2026-06-03 23:38:39,v2,0.9716,1.0,0.9041,0.9201,0.9365,1.0,0.9623,0.9671,PASS
AU-11221,NT-004222,MD-204,2026-06-04 18:07:13,v2,0.8669,0.79,0.9215,0.806,0.9088,0.9776,0.9795,0.8653,PASS
AU-11222,NT-004225,MD-205,2026-06-03 11:41:20,v2,0.9372,0.9438,0.9478,1.0,0.9933,0.9582,0.976,0.9562,PASS
AU-11223,NT-004230,MD-203,2026-06-05 01:30:50,v2,0.9715,0.9681,0.9369,0.9789,1.0,0.9705,0.9006,0.9653,PASS
AU-11224,NT-004235,MD-211,2026-06-03 02:33:52,v2,1.0,0.9733,0.9976,0.8971,0.8804,1.0,0.9709,0.968,PASS
AU-11225,NT-004238,MD-227,2026-06-04 00:20:36,v2,0.9395,0.7355,0.8905,0.8551,0.9439,0.9242,0.8649,0.7292,FAIL
AU-11226,NT-004240,MD-224,2026-06-03 18:11:38,v2,0.783,0.947,1.0,0.9644,1.0,0.9472,0.9601,0.9006,PASS
AU-11227,NT-004248,MD-228,2026-06-06 07:28:25,v2,0.971,1.0,0.9921,1.0,0.9829,0.9945,0.9879,0.8382,FAIL
AU-11228,NT-004249,MD-216,2026-06-06 01:07:33,v2,0.8608,0.8688,0.8602,0.8397,0.8295,0.944,0.7568,0.7211,FAIL
AU-11229,NT-004254,MD-204,2026-06-06 18:43:51,v2,0.8052,0.8042,0.9271,0.8263,0.7835,0.9337,0.9129,0.8282,FAIL
AU-11230,NT-004255,MD-205,2026-06-04 22:59:56,v2,0.8681,0.9727,0.7969,1.0,0.9489,0.9451,0.9521,0.9242,PASS
AU-11231,NT-004256,MD-228,2026-06-06 18:31:26,v2,0.9363,0.9741,0.9504,1.0,0.9411,0.9618,0.9281,0.9538,PASS
AU-11232,NT-004257,MD-221,2026-06-06 01:42:04,v2,0.9144,0.8582,0.8528,0.9041,0.8325,0.7831,0.7683,0.8669,PASS
AU-11233,NT-004264,MD-220,2026-06-05 05:32:11,v2,1.0,1.0,1.0,0.97,1.0,0.8964,1.0,0.847,FAIL
AU-11234,NT-004265,MD-220,2026-06-06 14:39:09,v2,0.9435,0.8034,1.0,0.9211,0.9373,0.9542,0.8356,0.8982,PASS
AU-11235,NT-004270,MD-213,2026-06-07 16:12:43,v2,0.9195,0.8815,0.9061,0.862,0.946,0.8335,0.8569,0.8957,PASS
AU-11236,NT-004274,MD-207,2026-06-04 07:59:42,v2,0.9785,1.0,0.9557,0.8981,0.9965,0.9958,1.0,0.9795,PASS
AU-11237,NT-004280,MD-223,2026-06-04 23:12:43,v2,0.9545,1.0,1.0,0.9728,1.0,1.0,1.0,0.9814,PASS
AU-11238,NT-004284,MD-203,2026-06-04 07:20:47,v2,0.917,0.8829,0.939,0.9214,0.8842,0.9061,1.0,0.9145,PASS
AU-11239,NT-004291,MD-201,2026-06-04 09:20:00,v2,0.9929,0.9137,0.9034,0.9902,0.9773,0.903,0.9572,0.9587,PASS
AU-11240,NT-004292,MD-214,2026-06-06 20:02:07,v2,0.9115,1.0,0.9033,1.0,1.0,0.9984,0.9516,0.9593,PASS
AU-11241,NT-004301,MD-231,2026-06-04 08:18:50,v2,0.8445,0.8944,0.8522,0.9626,0.8732,0.9527,0.9459,0.8876,PASS
AU-11242,NT-004302,MD-217,2026-06-05 00:28:16,v2,0.8697,0.8512,0.8738,0.9114,0.9526,0.8612,0.858,0.8762,PASS
AU-11243,NT-004309,MD-202,2026-06-05 01:05:05,v2,0.9214,0.8552,0.9379,0.9258,0.9117,0.9382,0.9516,0.909,PASS
AU-11244,NT-004310,MD-218,2026-06-05 09:57:52,v2,0.9312,0.85,0.9621,0.9548,0.9092,0.7818,0.8714,0.8992,PASS
AU-11245,NT-004313,MD-203,2026-06-05 08:55:32,v2,0.9183,0.9507,0.9256,0.8748,0.937,0.7565,0.8635,0.9107,PASS
AU-11246,NT-004314,MD-229,2026-06-05 06:53:05,v2,0.8827,0.846,0.9341,0.9279,0.8586,0.8635,0.8776,0.8767,PASS
AU-11247,NT-004320,MD-232,2026-06-05 10:42:25,v2,0.888,0.8367,0.8982,0.8821,0.9072,0.8425,0.8772,0.8737,PASS
AU-11248,NT-004323,MD-227,2026-06-07 10:06:07,v2,0.8712,0.7023,0.9693,0.9679,0.9679,0.8133,0.8869,0.8519,PASS
AU-11249,NT-004325,MD-227,2026-06-05 06:42:08,v2,0.893,0.8225,0.9325,0.8845,0.8261,0.8582,0.8161,0.8604,PASS
AU-11250,NT-004328,MD-234,2026-06-06 20:28:12,v2,1.0,0.9984,1.0,0.9627,1.0,0.8785,0.9858,0.9884,PASS
AU-11251,NT-004334,MD-207,2026-06-06 16:50:25,v2,0.9488,1.0,1.0,0.9389,0.9864,1.0,1.0,0.9746,PASS
AU-11252,NT-004338,MD-231,2026-06-06 00:15:40,v2,0.8112,0.7982,0.9319,0.7804,0.8141,0.9176,0.9848,0.7066,FAIL
AU-11253,NT-004345,MD-225,2026-06-05 01:16:00,v2,0.8145,0.8542,0.839,0.8297,0.8232,0.8362,0.9147,0.715,FAIL
AU-11254,NT-004349,MD-229,2026-06-07 01:52:39,v2,0.8889,0.9255,0.9319,0.9307,0.9548,1.0,1.0,0.9276,PASS
AU-11255,NT-004353,MD-212,2026-06-06 03:52:31,v2,0.9504,0.9541,0.968,0.9615,0.8941,0.9996,1.0,0.9551,PASS
AU-11256,NT-004354,MD-206,2026-06-06 09:15:12,v2,0.8549,0.8547,0.8579,0.9777,1.0,0.97,0.9173,0.8938,PASS
AU-11257,NT-004356,MD-213,2026-06-07 16:58:04,v2,0.8932,0.7992,0.8511,0.8951,0.8447,0.8328,0.8472,0.7292,FAIL
AU-11258,NT-004359,MD-209,2026-06-05 05:47:32,v2,0.8944,0.9043,0.9357,0.9544,0.9788,0.9762,0.9176,0.9198,PASS
AU-11259,NT-004363,MD-204,2026-06-05 08:16:19,v2,0.8947,0.85,0.9101,1.0,0.932,0.9669,0.8826,0.9009,PASS
AU-11260,NT-004364,MD-224,2026-06-06 14:53:00,v2,0.9359,0.8166,0.9235,0.9796,0.8699,0.8368,0.8669,0.8914,PASS
AU-11261,NT-004365,MD-217,2026-06-05 07:21:38,v2,0.946,1.0,0.9966,1.0,0.9501,0.9851,0.9761,0.9728,PASS
AU-11262,NT-004368,MD-220,2026-06-07 09:47:38,v2,0.99,1.0,0.9576,1.0,1.0,1.0,1.0,0.9944,PASS
AU-11263,NT-004369,MD-224,2026-06-06 00:26:32,v2,1.0,1.0,0.9263,0.9287,1.0,1.0,1.0,0.9892,PASS
AU-11264,NT-004371,MD-210,2026-06-07 00:48:49,v2,0.8965,0.8763,0.962,0.9643,0.9222,0.8539,0.7963,0.8919,PASS
AU-11265,NT-004382,MD-206,2026-06-06 07:10:47,v2,0.9079,0.9893,0.9458,0.9535,0.9203,1.0,0.8989,0.9396,PASS
AU-11266,NT-004385,MD-212,2026-06-07 06:47:18,v2,0.9355,0.9162,1.0,1.0,0.9122,1.0,1.0,0.9477,PASS
AU-11267,NT-004387,MD-206,2026-06-06 05:16:45,v2,0.7838,0.8591,0.7837,0.8285,0.7926,0.8126,0.8374,0.6949,FAIL
AU-11268,NT-004396,MD-212,2026-06-07 09:45:17,v2,1.0,0.9437,0.8741,0.8736,1.0,0.8332,0.8914,0.9478,PASS
AU-11269,NT-004398,MD-233,2026-06-08 06:38:51,v2,1.0,0.966,1.0,0.9937,0.9975,1.0,1.0,0.9906,PASS
AU-11270,NT-004403,MD-224,2026-06-07 08:35:21,v2,0.9501,0.8629,0.8128,0.9081,0.9891,0.9633,0.9356,0.9204,PASS
AU-11271,NT-004404,MD-218,2026-06-06 05:03:45,v2,0.8536,0.8206,0.9174,0.7619,0.8305,0.7924,0.7287,0.6988,FAIL
AU-11272,NT-004414,MD-221,2026-06-06 15:54:00,v2,0.7549,0.8632,0.8439,0.8559,0.871,0.8188,0.9074,0.6985,FAIL
AU-11273,NT-004415,MD-218,2026-06-06 04:13:00,v2,0.8623,0.9231,0.8299,0.8597,0.8013,0.8563,0.9491,0.8779,PASS
AU-11274,NT-004416,MD-232,2026-06-07 16:37:47,v2,0.9563,1.0,0.9188,0.9135,0.9027,1.0,0.9666,0.8187,FAIL
AU-11275,NT-004419,MD-206,2026-06-09 05:47:36,v2,0.8872,0.8379,0.8946,0.774,0.8554,0.9954,0.9156,0.869,PASS
AU-11276,NT-004422,MD-206,2026-06-09 19:35:11,v2,0.9542,1.0,0.7977,0.8925,0.8681,0.8821,0.8717,0.9312,PASS
AU-11277,NT-004433,MD-218,2026-06-06 10:34:55,v2,0.853,0.9379,0.8549,0.8934,0.8447,0.8261,0.9496,0.7601,FAIL
AU-11278,NT-004436,MD-217,2026-06-07 04:53:57,v2,1.0,0.9114,0.9552,0.8362,0.9203,0.9427,1.0,0.9484,PASS
AU-11279,NT-004437,MD-204,2026-06-06 16:25:37,v2,1.0,1.0,1.0,0.9964,0.9157,0.8911,0.836,0.9694,PASS
AU-11280,NT-004445,MD-219,2026-06-06 17:19:15,v2,0.7605,0.811,0.8364,0.9262,0.828,0.7903,0.8648,0.8121,FAIL
AU-11281,NT-004446,MD-222,2026-06-08 18:18:07,v2,0.8662,0.8995,0.8946,0.9107,0.8446,0.7967,0.9575,0.8839,PASS
AU-11282,NT-004448,MD-234,2026-06-09 18:59:15,v2,0.615,0.5416,0.5066,0.5821,0.6697,0.559,0.5967,0.5888,FAIL
AU-11283,NT-004459,MD-220,2026-06-09 06:52:05,v2,0.93,0.9899,0.9052,0.8158,0.8123,0.9573,0.941,0.7939,FAIL
AU-11284,NT-004461,MD-226,2026-06-08 05:37:27,v2,1.0,1.0,0.9863,0.9129,1.0,0.9918,0.9352,0.9837,PASS
AU-11285,NT-004467,MD-223,2026-06-06 02:01:31,v2,0.9756,0.9403,0.9253,0.9398,0.9353,0.9294,1.0,0.9568,PASS
AU-11286,NT-004468,MD-221,2026-06-09 08:18:02,v2,0.9963,0.864,0.8886,0.8891,1.0,0.9637,0.9513,0.9414,PASS
AU-11287,NT-004471,MD-217,2026-06-07 20:09:02,v2,0.3854,0.4513,0.4231,0.4454,0.4819,0.3823,0.4241,0.4231,FAIL
AU-11288,NT-004472,MD-228,2026-06-09 07:46:52,v2,0.885,0.9806,0.9009,1.0,0.9462,0.9777,1.0,0.9434,PASS
AU-11289,NT-004476,MD-229,2026-06-09 07:40:39,v2,0.696,0.826,0.7816,0.8526,0.7946,0.802,0.8292,0.6574,FAIL
AU-11290,NT-004479,MD-217,2026-06-08 12:05:02,v2,0.9545,1.0,0.9748,0.8692,1.0,1.0,0.9741,0.9671,PASS
AU-11291,NT-004481,MD-204,2026-06-09 21:05:42,v2,0.8742,0.804,0.8936,0.8581,0.8962,0.8321,0.7455,0.8433,FAIL
AU-11292,NT-004482,MD-226,2026-06-07 09:01:29,v2,0.836,0.9008,0.887,0.7884,0.9012,0.7845,0.7789,0.7189,FAIL
AU-11293,NT-004483,MD-209,2026-06-09 00:25:05,v2,0.849,0.7525,0.9045,0.8446,0.8438,0.8502,0.8776,0.7027,FAIL
AU-11294,NT-004484,MD-217,2026-06-10 10:15:45,v2,0.9133,0.8994,0.8806,0.9805,0.8451,0.8407,0.875,0.9006,PASS
AU-11295,NT-004488,MD-221,2026-06-08 23:18:55,v2,0.8821,0.9141,0.8978,0.896,0.9069,0.8865,0.959,0.9027,PASS
AU-11296,NT-004489,MD-228,2026-06-09 19:53:57,v2,0.8849,0.8375,0.7684,0.7786,0.7897,0.7815,0.9418,0.8476,FAIL
AU-11297,NT-004490,MD-203,2026-06-10 20:07:20,v2,0.8852,0.9413,0.8037,0.8582,0.8906,0.8277,0.8544,0.887,PASS
AU-11298,NT-004495,MD-211,2026-06-11 10:35:46,v2,0.8026,0.7721,0.8266,0.9212,0.8842,0.8335,0.8481,0.8223,FAIL
AU-11299,NT-004499,MD-205,2026-06-09 21:10:22,v2,0.8522,0.8261,0.7656,0.8033,0.9286,0.8028,0.8477,0.8412,FAIL
AU-11300,NT-004500,MD-206,2026-06-10 07:57:13,v2,1.0,0.9881,1.0,1.0,1.0,0.9387,1.0,0.994,PASS
AU-11301,NT-004503,MD-231,2026-06-10 02:21:42,v2,0.948,0.9883,1.0,0.9459,1.0,1.0,1.0,0.8235,FAIL
AU-11302,NT-004504,MD-208,2026-06-09 20:17:12,v2,1.0,0.8561,1.0,0.9156,1.0,0.9324,1.0,0.9522,PASS
AU-11303,NT-004507,MD-211,2026-06-10 11:36:39,v2,0.9734,1.0,1.0,1.0,1.0,1.0,1.0,0.9907,PASS
AU-11304,NT-004508,MD-233,2026-06-10 17:47:27,v2,0.948,0.996,0.841,1.0,0.9142,1.0,0.9855,0.9628,PASS
AU-11305,NT-004509,MD-215,2026-06-09 09:09:48,v2,0.9959,0.95,1.0,1.0,0.9668,1.0,0.9677,0.9795,PASS
AU-11306,NT-004510,MD-209,2026-06-10 09:10:51,v2,0.9641,1.0,1.0,0.9431,1.0,0.9436,0.9574,0.9747,PASS
AU-11307,NT-004511,MD-205,2026-06-08 21:42:18,v2,0.979,0.8991,1.0,0.9483,0.9956,0.9852,0.9371,0.9548,PASS
AU-11308,NT-004517,MD-224,2026-06-10 20:13:06,v2,0.9783,0.8673,0.8934,0.8323,0.8424,0.8236,0.8369,0.8962,PASS
AU-11309,NT-004519,MD-210,2026-06-10 11:37:40,v2,0.8535,0.9787,0.9685,0.9479,0.9099,0.959,0.9057,0.9161,PASS
AU-11310,NT-004521,MD-222,2026-06-10 04:28:08,v2,0.8017,0.9081,0.9097,0.8947,0.9352,0.9444,0.8391,0.8672,PASS
AU-11311,NT-004525,MD-214,2026-06-12 02:25:21,v2,0.8712,0.9859,0.9611,0.9985,1.0,1.0,1.0,0.9493,PASS
AU-11312,NT-004528,MD-231,2026-06-08 21:03:23,v2,1.0,1.0,0.9954,1.0,0.981,0.9709,0.9183,0.9883,PASS
AU-11313,NT-004530,MD-231,2026-06-10 11:55:05,v2,0.8939,0.8963,0.8667,1.0,0.9084,0.96,0.9719,0.9163,PASS
AU-11314,NT-004536,MD-208,2026-06-12 11:43:59,v2,0.9888,0.7922,0.9478,0.9495,0.9216,0.9333,0.8949,0.776,FAIL
AU-11315,NT-004537,MD-229,2026-06-12 16:20:47,v2,0.888,0.9059,0.9062,0.8994,0.9581,0.9127,0.8607,0.9001,PASS
AU-11316,NT-004539,MD-202,2026-06-11 20:24:19,v2,0.9537,0.9395,1.0,0.9068,0.8928,0.9455,0.9442,0.8038,FAIL
AU-11317,NT-004543,MD-211,2026-06-10 21:11:42,v2,0.9124,0.888,0.8711,0.9695,0.9054,0.8249,0.9421,0.9078,PASS
AU-11318,NT-004547,MD-218,2026-06-09 02:01:39,v2,0.8897,1.0,0.8519,0.9391,0.8935,0.8909,0.9097,0.7889,FAIL
AU-11319,NT-004548,MD-214,2026-06-10 14:56:12,v2,0.8498,0.9068,0.7956,0.7858,0.7898,0.848,0.8366,0.8475,FAIL
AU-11320,NT-004549,MD-206,2026-06-11 23:02:50,v2,1.0,1.0,1.0,1.0,1.0,0.9492,0.9462,0.9921,PASS
AU-11321,NT-004551,MD-204,2026-06-09 02:33:04,v2,1.0,0.9935,1.0,0.9217,0.8672,0.9529,0.8772,0.8283,FAIL
AU-11322,NT-004552,MD-222,2026-06-12 04:53:36,v2,0.969,1.0,0.9632,1.0,0.93,1.0,0.9925,0.9796,PASS
AU-11323,NT-004554,MD-228,2026-06-10 05:40:20,v2,0.8444,0.8147,0.8699,0.8984,0.8874,0.878,0.7915,0.8444,FAIL
AU-11324,NT-004555,MD-229,2026-06-11 05:04:51,v2,1.0,1.0,1.0,0.922,1.0,1.0,1.0,0.9922,PASS
AU-11325,NT-004558,MD-223,2026-06-11 13:36:58,v2,0.9562,0.8481,0.9274,0.952,0.8974,0.8308,0.9221,0.7805,FAIL
AU-11326,NT-004559,MD-226,2026-06-11 14:29:23,v2,1.0,0.9984,0.9772,1.0,1.0,1.0,0.9536,0.9938,PASS
AU-11327,NT-004562,MD-227,2026-06-12 00:58:45,v2,0.8686,0.846,0.9538,0.9697,0.954,0.8722,0.9326,0.8924,PASS
AU-11328,NT-004563,MD-203,2026-06-09 20:51:22,v2,0.8637,0.9646,0.9085,1.0,0.8998,0.9802,0.9598,0.7849,FAIL
AU-11329,NT-004566,MD-212,2026-06-09 15:04:34,v2,0.8739,0.9127,0.9246,1.0,0.877,0.903,0.905,0.9036,PASS
AU-11330,NT-004568,MD-231,2026-06-10 07:11:35,v2,0.8907,0.9404,0.908,0.9795,0.9417,0.9846,1.0,0.7902,FAIL
AU-11331,NT-004570,MD-210,2026-06-09 22:37:47,v2,0.9691,1.0,0.9512,0.995,0.9968,1.0,0.9825,0.9842,PASS
AU-11332,NT-004579,MD-214,2026-06-09 20:55:42,v2,1.0,0.9868,0.9896,0.9678,1.0,0.9021,1.0,0.9881,PASS
AU-11333,NT-004588,MD-227,2026-06-09 22:12:25,v2,0.8888,0.8547,0.869,0.8714,0.9034,0.8857,0.8607,0.8761,PASS
AU-11334,NT-004602,MD-205,2026-06-12 20:59:05,v2,0.9003,0.8982,0.9066,0.862,1.0,0.8486,1.0,0.9136,PASS
AU-11335,NT-004607,MD-229,2026-06-12 17:39:01,v2,1.0,0.9042,0.868,0.9767,0.9634,0.9944,1.0,0.9632,PASS
AU-11336,NT-004610,MD-208,2026-06-10 03:09:31,v2,0.8075,0.9043,0.8036,0.8715,0.8792,0.8978,0.9224,0.7283,FAIL
AU-11337,NT-004613,MD-212,2026-06-13 01:36:19,v2,0.9926,1.0,1.0,1.0,0.9894,1.0,0.9103,0.9874,PASS
AU-11338,NT-004614,MD-229,2026-06-11 08:01:46,v2,0.9633,1.0,1.0,0.865,0.9582,0.9416,0.9761,0.9642,PASS
AU-11339,NT-004627,MD-226,2026-06-11 02:28:30,v2,0.9015,0.8363,0.8592,0.817,0.8355,0.9158,0.8879,0.738,FAIL
AU-11340,NT-004630,MD-209,2026-06-12 01:47:05,v2,1.0,1.0,0.8979,0.9644,0.8523,0.9579,0.9388,0.9683,PASS
AU-11341,NT-004634,MD-228,2026-06-10 19:13:56,v2,0.9858,0.8671,0.9759,1.0,0.9989,0.8836,0.9637,0.951,PASS
AU-11342,NT-004635,MD-215,2026-06-10 23:01:47,v2,0.9441,0.9578,1.0,0.8818,1.0,1.0,1.0,0.9581,PASS
AU-11343,NT-004636,MD-213,2026-06-13 13:21:08,v2,0.9361,0.8983,0.923,0.9321,0.8559,0.8683,0.9093,0.7825,FAIL
AU-11344,NT-004637,MD-211,2026-06-10 14:43:55,v2,0.8846,0.911,0.8849,0.8422,0.7046,0.8083,0.8553,0.8622,PASS
AU-11345,NT-004638,MD-206,2026-06-12 09:39:40,v2,0.7973,0.9492,1.0,0.9501,0.8566,0.9064,0.9793,0.8903,PASS
AU-11346,NT-004642,MD-216,2026-06-10 14:17:35,v2,1.0,0.9653,0.9063,1.0,1.0,0.9194,0.9389,0.9765,PASS
AU-11347,NT-004644,MD-232,2026-06-12 17:52:03,v2,1.0,0.9552,0.9653,0.9817,0.9286,1.0,0.9809,0.9762,PASS
AU-11348,NT-004650,MD-213,2026-06-10 17:46:10,v2,0.9488,0.9206,0.9446,0.9719,0.9024,0.9022,0.8656,0.9286,PASS
AU-11349,NT-004651,MD-227,2026-06-10 05:54:11,v2,0.9978,0.9378,0.9469,0.8971,0.9376,0.9386,0.9671,0.9581,PASS
AU-11350,NT-004654,MD-205,2026-06-10 00:55:51,v2,0.8604,0.786,0.8612,0.8177,0.9192,0.8416,0.8208,0.7046,FAIL
AU-11351,NT-004656,MD-221,2026-06-13 07:17:03,v2,0.8472,0.8382,0.958,0.8502,0.8832,0.909,0.7953,0.8523,PASS
AU-11352,NT-004658,MD-224,2026-06-12 20:45:01,v2,0.9313,0.9479,0.8353,0.8778,0.9086,1.0,0.9149,0.9248,PASS
AU-11353,NT-004660,MD-206,2026-06-10 12:49:04,v2,0.9914,0.9767,0.9815,0.9904,1.0,0.9076,1.0,0.8393,FAIL
AU-11354,NT-004664,MD-215,2026-06-12 18:50:26,v2,1.0,0.9957,0.9564,1.0,0.9445,0.9074,1.0,0.9866,PASS
AU-11355,NT-004666,MD-229,2026-06-11 13:27:16,v2,0.995,1.0,1.0,0.9838,0.917,0.9528,0.9154,0.8382,FAIL
AU-11356,NT-004675,MD-231,2026-06-12 20:03:50,v2,1.0,1.0,0.9928,0.9913,1.0,1.0,0.978,0.9966,PASS
AU-11357,NT-004676,MD-215,2026-06-14 05:46:50,v2,1.0,1.0,0.8904,0.9652,0.9788,0.9675,0.9055,0.9778,PASS
AU-11358,NT-004681,MD-226,2026-06-12 14:56:05,v2,1.0,1.0,0.9734,0.943,0.9958,1.0,0.9364,0.9862,PASS
AU-11359,NT-004682,MD-206,2026-06-11 21:52:05,v2,1.0,0.9791,1.0,0.9898,0.9512,0.9695,0.9809,0.8418,FAIL
AU-11360,NT-004685,MD-208,2026-06-12 11:31:41,v2,0.9455,0.9469,1.0,1.0,0.9388,1.0,1.0,0.8176,FAIL
AU-11361,NT-004687,MD-208,2026-06-12 03:22:17,v2,0.963,0.9082,0.921,1.0,1.0,0.8276,1.0,0.9515,PASS
AU-11362,NT-004692,MD-210,2026-06-12 21:12:33,v2,0.8623,0.9043,0.803,0.7964,0.8466,0.9221,0.777,0.8562,PASS
AU-11363,NT-004693,MD-225,2026-06-13 13:58:05,v2,0.9849,1.0,0.914,1.0,1.0,0.9855,0.9926,0.9889,PASS
AU-11364,NT-004694,MD-202,2026-06-14 06:04:58,v2,0.9735,0.9934,0.9559,0.9063,1.0,1.0,1.0,0.9775,PASS
AU-11365,NT-004699,MD-225,2026-06-12 07:54:39,v2,0.9861,0.9953,0.9321,1.0,0.9295,0.9628,1.0,0.9817,PASS
AU-11366,NT-004700,MD-228,2026-06-14 01:01:49,v2,0.8792,0.9622,0.867,0.9321,0.8527,0.9346,0.8978,0.7746,FAIL
AU-11367,NT-004701,MD-227,2026-06-13 03:21:01,v2,0.8154,0.8635,0.7421,0.8669,0.7851,0.8195,0.725,0.8171,FAIL
AU-11368,NT-004703,MD-203,2026-06-14 07:15:28,v2,0.8353,0.7494,0.7319,0.7379,0.8764,0.8924,0.8637,0.8087,FAIL
AU-11369,NT-004706,MD-213,2026-06-11 09:45:18,v2,0.9443,0.8936,0.8155,0.9021,0.9491,0.7652,0.9419,0.7791,FAIL
AU-11370,NT-004707,MD-207,2026-06-13 23:30:53,v2,0.9795,1.0,0.8602,0.9712,0.942,0.9974,1.0,0.977,PASS
AU-11371,NT-004712,MD-226,2026-06-14 08:14:27,v2,0.9338,1.0,0.9936,1.0,0.9773,1.0,0.9636,0.9706,PASS
AU-11372,NT-004719,MD-211,2026-06-12 18:05:01,v2,1.0,1.0,1.0,1.0,0.9863,1.0,0.9694,0.9956,PASS
AU-11373,NT-004720,MD-208,2026-06-14 14:29:22,v2,0.8218,0.9243,1.0,0.886,0.8631,0.9399,0.9901,0.8896,PASS
AU-11374,NT-004722,MD-206,2026-06-13 02:12:20,v2,0.9775,0.9787,0.9909,0.9627,0.9355,0.9668,1.0,0.9745,PASS
AU-11375,NT-004724,MD-234,2026-06-11 18:12:14,v2,1.0,0.9858,1.0,0.877,0.9253,0.9913,0.8381,0.96,PASS
AU-11376,NT-004725,MD-225,2026-06-12 23:02:37,v2,0.9597,1.0,0.9659,0.9609,1.0,1.0,1.0,0.9803,PASS
AU-11377,NT-004726,MD-226,2026-06-12 14:04:46,v2,1.0,1.0,1.0,1.0,0.9743,0.9164,0.9904,0.849,FAIL
AU-11378,NT-004730,MD-202,2026-06-13 17:36:09,v2,0.8065,0.909,0.8518,0.8547,0.8537,0.875,0.8635,0.8531,PASS
AU-11379,NT-004733,MD-205,2026-06-11 20:30:18,v2,0.9893,1.0,0.9928,0.9889,1.0,1.0,0.9909,0.9939,PASS
AU-11380,NT-004736,MD-209,2026-06-13 11:00:05,v2,1.0,0.9177,0.8873,0.8725,0.874,0.8887,1.0,0.9429,PASS
AU-11381,NT-004737,MD-216,2026-06-13 22:45:01,v2,0.9673,1.0,1.0,0.9737,1.0,0.999,1.0,0.9859,PASS
AU-11382,NT-004740,MD-214,2026-06-12 19:27:54,v2,0.8553,0.8867,0.9105,0.8263,0.7858,0.8349,0.7981,0.8493,FAIL
AU-11383,NT-004747,MD-228,2026-06-14 00:27:20,v2,1.0,1.0,0.9548,1.0,1.0,0.9411,1.0,0.9948,PASS
AU-11384,NT-004748,MD-208,2026-06-14 14:48:03,v2,0.9241,1.0,0.9513,0.9368,0.8428,0.9487,0.9198,0.8067,FAIL
AU-11385,NT-004754,MD-202,2026-06-12 00:56:55,v2,0.8764,0.9715,0.9809,1.0,1.0,0.9698,0.9429,0.9415,PASS
AU-11386,NT-004761,MD-230,2026-06-12 05:09:53,v2,0.8415,0.8827,0.9224,0.9761,0.9694,0.9334,1.0,0.7589,FAIL
AU-11387,NT-004762,MD-210,2026-06-13 20:42:00,v2,0.9261,0.9655,0.9701,1.0,0.98,1.0,0.9064,0.9527,PASS
AU-11388,NT-004763,MD-222,2026-06-14 12:04:01,v2,0.996,0.9408,0.9867,0.9988,0.9795,0.9203,0.9562,0.8286,FAIL
AU-11389,NT-004771,MD-222,2026-06-13 11:55:35,v2,0.8581,0.9151,0.8532,0.8871,0.8639,0.8389,0.918,0.8806,PASS
AU-11390,NT-004774,MD-229,2026-06-13 20:17:30,v2,0.8616,0.9614,0.975,0.8823,1.0,0.9888,0.8957,0.9179,PASS
AU-11391,NT-004777,MD-224,2026-06-14 20:57:23,v2,0.7873,0.9971,0.864,0.9992,0.9086,0.8969,0.9555,0.8992,PASS
AU-11392,NT-004778,MD-203,2026-06-14 09:19:09,v2,0.87,1.0,0.9872,1.0,0.9417,1.0,1.0,0.948,PASS
AU-11393,NT-004780,MD-202,2026-06-13 10:44:47,v2,0.9365,1.0,0.8656,0.9545,1.0,0.8811,0.9831,0.9589,PASS
AU-11394,NT-004782,MD-232,2026-06-12 01:33:28,v2,0.7915,0.7724,0.8528,0.7929,0.8149,0.8298,0.825,0.7975,FAIL
AU-11395,NT-004787,MD-224,2026-06-14 14:13:19,v2,0.8192,0.8772,0.8022,0.8302,0.7693,0.9159,0.8335,0.8352,FAIL
AU-11396,NT-004792,MD-221,2026-06-14 01:39:39,v2,0.9936,1.0,1.0,1.0,1.0,0.9506,0.9872,0.8465,FAIL
AU-11397,NT-004801,MD-214,2026-06-13 06:57:25,v2,0.8863,0.8701,0.9181,0.8555,0.8957,0.8576,0.8548,0.8771,PASS
AU-11398,NT-004803,MD-229,2026-06-15 06:44:32,v2,0.8948,0.8367,0.8492,1.0,0.8582,0.8585,0.9375,0.8873,PASS
AU-11399,NT-004815,MD-207,2026-06-12 03:07:31,v2,0.9193,0.9519,0.9713,1.0,0.9464,0.9086,0.9525,0.8035,FAIL
AU-11400,NT-004816,MD-233,2026-06-12 04:00:02,v2,0.9986,0.9963,1.0,1.0,0.9257,0.944,0.8806,0.9764,PASS
AU-11401,NT-004820,MD-208,2026-06-12 13:22:42,v2,0.9202,0.8908,0.85,0.9378,0.859,0.8569,0.8402,0.8938,PASS
AU-11402,NT-004821,MD-220,2026-06-15 08:24:14,v2,1.0,0.9399,0.9576,0.9734,1.0,0.9652,1.0,0.9784,PASS
AU-11403,NT-004824,MD-216,2026-06-15 16:08:00,v2,1.0,0.9555,0.8184,0.9587,0.9964,0.9739,0.949,0.9689,PASS
AU-11404,NT-004829,MD-213,2026-06-15 09:16:44,v2,0.9892,0.8562,0.9223,0.9631,0.9818,0.8945,1.0,0.9456,PASS
AU-11405,NT-004830,MD-229,2026-06-12 05:06:36,v2,1.0,1.0,0.9641,0.9952,1.0,0.9446,0.9951,0.9945,PASS
AU-11406,NT-004832,MD-232,2026-06-14 19:17:40,v2,0.9228,1.0,0.9789,0.9063,0.956,0.8765,0.9502,0.8076,FAIL
AU-11407,NT-004835,MD-208,2026-06-15 00:09:47,v2,1.0,0.9525,1.0,1.0,1.0,1.0,0.9687,0.985,PASS
AU-11408,NT-004837,MD-206,2026-06-12 14:38:28,v2,0.9192,1.0,0.9636,1.0,0.9799,1.0,0.9716,0.965,PASS
AU-11409,NT-004843,MD-206,2026-06-13 18:06:14,v2,0.9024,0.8599,0.9127,0.9314,0.7344,0.8191,0.848,0.7544,FAIL
AU-11410,NT-004844,MD-213,2026-06-15 04:54:10,v2,0.9455,1.0,0.9286,0.8975,0.9037,0.9609,0.9887,0.9544,PASS
AU-11411,NT-004849,MD-214,2026-06-15 20:47:12,v2,0.9741,0.8208,0.8912,0.942,0.9097,0.929,0.8297,0.9053,PASS
AU-11412,NT-004856,MD-230,2026-06-14 22:07:40,v2,0.899,0.8587,1.0,1.0,0.98,0.9489,1.0,0.9248,PASS
AU-11413,NT-004866,MD-207,2026-06-15 19:43:52,v2,0.937,0.9469,0.9478,0.9989,1.0,0.9007,1.0,0.957,PASS
AU-11414,NT-004869,MD-223,2026-06-16 00:32:25,v2,0.9126,0.9261,0.8867,0.953,0.9923,0.8397,0.9542,0.9272,PASS
AU-11415,NT-004877,MD-222,2026-06-15 20:44:22,v2,1.0,0.9398,1.0,0.9618,1.0,0.9565,1.0,0.9789,PASS
AU-11416,NT-004879,MD-233,2026-06-14 17:31:29,v2,0.9635,0.8679,0.8898,0.9254,0.9422,0.9057,0.9299,0.9237,PASS
AU-11417,NT-004885,MD-201,2026-06-15 08:32:26,v2,1.0,1.0,0.974,1.0,0.974,1.0,1.0,0.9961,PASS
AU-11418,NT-004887,MD-214,2026-06-14 13:32:58,v2,0.9344,0.9336,0.9154,0.9271,0.9443,0.9693,0.9312,0.9349,PASS
AU-11419,NT-004892,MD-226,2026-06-15 19:08:05,v2,0.9518,0.8736,0.9278,0.8636,0.8207,0.8732,0.8933,0.7736,FAIL
AU-11420,NT-004894,MD-234,2026-06-13 09:56:16,v2,0.975,0.806,0.9656,0.9068,0.9904,0.9917,0.9373,0.924,PASS
AU-11421,NT-004901,MD-218,2026-06-13 04:00:10,v2,0.846,0.9747,0.9128,0.9121,0.9602,0.9421,0.944,0.9141,PASS
AU-11422,NT-004906,MD-220,2026-06-14 08:38:24,v2,0.9229,0.8908,0.894,0.9915,0.8557,0.9078,0.9708,0.7866,FAIL
AU-11423,NT-004908,MD-228,2026-06-16 08:47:02,v2,1.0,0.8348,0.9467,1.0,1.0,1.0,0.9866,0.8047,FAIL
AU-11424,NT-004909,MD-225,2026-06-15 01:06:34,v2,0.8963,0.8044,0.8622,0.8854,0.86,0.8511,0.8951,0.8645,PASS
AU-11425,NT-004910,MD-220,2026-06-15 09:32:47,v2,1.0,1.0,1.0,0.9368,0.9994,0.9825,0.8567,0.9784,PASS
AU-11426,NT-004917,MD-221,2026-06-13 07:30:23,v2,0.6704,0.6871,0.4715,0.5976,0.6262,0.6079,0.604,0.6432,FAIL
AU-11427,NT-004928,MD-231,2026-06-15 05:48:34,v2,0.8697,0.8419,0.9234,0.8393,0.9421,0.8929,0.8297,0.8668,PASS
AU-11428,NT-004944,MD-215,2026-06-16 20:03:59,v2,0.7986,0.7759,0.9272,0.8294,0.8383,0.8131,0.8167,0.8089,FAIL
AU-11429,NT-004953,MD-211,2026-06-16 15:08:07,v2,0.828,0.8274,0.8401,0.8847,0.9,0.9091,0.8474,0.8473,FAIL
AU-11430,NT-004958,MD-231,2026-06-16 06:14:11,v2,0.5341,0.5257,0.3821,0.4334,0.3419,0.4589,0.3968,0.4776,FAIL
AU-11431,NT-004960,MD-217,2026-06-15 13:05:07,v2,1.0,0.924,0.8355,0.8705,0.8889,0.8806,0.9276,0.9355,PASS
AU-11432,NT-004966,MD-220,2026-06-15 12:48:14,v2,0.9569,0.9884,0.9344,1.0,0.9879,0.8026,0.9587,0.9635,PASS
AU-11433,NT-004972,MD-201,2026-06-17 22:28:49,v2,1.0,1.0,0.8888,1.0,0.9738,0.9872,1.0,0.9912,PASS
AU-11434,NT-004979,MD-209,2026-06-15 08:34:28,v2,1.0,1.0,0.968,0.9961,1.0,0.8831,1.0,0.848,FAIL
AU-11435,NT-004980,MD-232,2026-06-18 15:49:42,v2,0.8813,0.9133,0.8297,0.9341,0.9509,0.8652,0.8656,0.8966,PASS
AU-11436,NT-004982,MD-218,2026-06-16 10:30:26,v2,0.9536,1.0,0.954,1.0,0.886,0.9306,0.958,0.8273,FAIL
AU-11437,NT-004983,MD-227,2026-06-18 02:05:56,v2,0.9251,0.8922,0.8928,0.915,0.851,0.8093,0.859,0.8945,PASS
AU-11438,NT-004987,MD-201,2026-06-17 19:58:12,v2,0.9715,0.9793,0.9822,0.8957,0.9561,0.9507,1.0,0.9667,PASS
AU-11439,NT-004990,MD-201,2026-06-15 20:01:15,v2,0.8542,0.76,0.8446,0.869,0.8616,0.8517,0.8521,0.7033,FAIL
AU-11440,NT-004998,MD-234,2026-06-18 18:58:11,v2,0.9405,0.9059,0.9882,0.8564,0.9583,0.9304,0.9299,0.9261,PASS
AU-11441,NT-005004,MD-212,2026-06-17 04:02:23,v2,0.9955,0.9291,0.8381,0.9295,0.9018,0.8286,0.9204,0.9392,PASS
AU-11442,NT-005009,MD-226,2026-06-16 14:02:40,v2,0.9437,0.9877,1.0,0.9922,0.9051,1.0,1.0,0.8264,FAIL
AU-11443,NT-005017,MD-234,2026-06-19 02:21:09,v2,0.9593,0.9359,0.9961,0.9804,0.8846,0.9521,0.9729,0.9509,PASS
AU-11444,NT-005018,MD-213,2026-06-18 12:18:03,v2,1.0,0.9661,1.0,0.9801,1.0,1.0,1.0,0.9895,PASS
AU-11445,NT-005019,MD-218,2026-06-17 02:40:52,v2,0.8044,0.7856,0.8109,0.8829,0.8944,0.8392,0.8124,0.8194,FAIL
AU-11446,NT-005021,MD-209,2026-06-16 14:38:11,v2,0.9452,1.0,0.9074,1.0,0.8631,1.0,1.0,0.9625,PASS
AU-11447,NT-005025,MD-216,2026-06-18 09:58:11,v2,0.9207,0.8132,0.8095,0.8992,0.7747,0.8551,0.9062,0.8668,PASS
AU-11448,NT-005030,MD-208,2026-06-18 16:18:30,v2,0.8727,0.8833,0.8891,0.9024,0.8813,0.8437,0.8727,0.8786,PASS
AU-11449,NT-005034,MD-227,2026-06-17 20:01:30,v2,1.0,0.961,0.9424,0.9068,0.9873,0.9179,0.988,0.9715,PASS
AU-11450,NT-005035,MD-214,2026-06-16 01:51:07,v2,0.9115,0.876,0.9552,0.9076,0.8855,0.8581,0.7876,0.8868,PASS
AU-11451,NT-005036,MD-219,2026-06-17 23:00:38,v2,1.0,0.9918,1.0,1.0,1.0,0.9699,1.0,0.9964,PASS
AU-11452,NT-005037,MD-201,2026-06-18 18:27:54,v2,0.85,0.8581,0.751,0.8231,0.7028,0.8211,0.6964,0.8128,FAIL
AU-11453,NT-005042,MD-212,2026-06-17 14:07:32,v2,0.9193,0.8311,0.891,1.0,0.9112,0.8058,0.8207,0.8875,PASS
AU-11454,NT-005047,MD-232,2026-06-16 19:05:47,v2,0.7939,0.8208,0.8811,0.8622,0.8386,0.8133,0.7977,0.8176,FAIL
AU-11455,NT-005052,MD-203,2026-06-18 15:38:02,v2,0.9139,0.8923,0.9685,0.9343,0.974,0.9625,0.9358,0.9239,PASS
AU-11456,NT-005055,MD-220,2026-06-16 14:03:06,v2,0.9295,0.8164,0.8548,0.8989,0.972,0.7633,0.9839,0.8958,PASS
AU-11457,NT-005063,MD-214,2026-06-18 01:19:09,v2,0.8944,0.9426,0.9902,0.993,0.9327,0.891,0.9892,0.9342,PASS
AU-11458,NT-005064,MD-234,2026-06-19 14:22:47,v2,0.9001,0.86,0.8478,0.778,0.9293,0.8713,0.8759,0.8743,PASS
AU-11459,NT-005065,MD-223,2026-06-19 20:28:26,v2,0.8632,0.9003,0.8394,0.8264,0.9871,0.9331,0.8782,0.885,PASS
AU-11460,NT-005067,MD-230,2026-06-18 02:14:27,v2,0.8782,0.9546,0.9267,0.9041,0.9534,0.9668,0.9211,0.9186,PASS
AU-11461,NT-005070,MD-202,2026-06-18 08:54:12,v2,0.8358,0.7507,0.7421,0.8584,0.7391,0.6646,0.7926,0.6824,FAIL
AU-11462,NT-005073,MD-211,2026-06-18 17:56:30,v2,0.8642,0.8851,0.9229,0.8511,0.6625,0.8698,0.8981,0.8545,PASS
AU-11463,NT-005074,MD-205,2026-06-19 01:23:46,v2,0.8469,0.785,0.8655,0.9487,0.7543,0.8824,0.7815,0.8285,FAIL
AU-11464,NT-005080,MD-203,2026-06-19 07:16:57,v2,0.9344,0.9951,1.0,0.9237,0.9262,0.8566,0.9401,0.9477,PASS
AU-11465,NT-005083,MD-228,2026-06-20 04:31:26,v2,0.9755,0.9675,0.9586,1.0,1.0,0.996,1.0,0.981,PASS
AU-11466,NT-005089,MD-210,2026-06-17 00:07:20,v2,0.9243,1.0,0.8941,0.9674,0.9218,1.0,0.9099,0.9481,PASS
AU-11467,NT-005090,MD-211,2026-06-18 11:35:08,v2,0.8633,0.8113,0.796,0.897,0.929,0.8877,0.9757,0.8693,PASS
AU-11468,NT-005091,MD-218,2026-06-19 21:41:03,v2,0.9272,1.0,1.0,1.0,0.9595,1.0,1.0,0.8245,FAIL
AU-11469,NT-005093,MD-234,2026-06-20 10:20:23,v2,0.8572,1.0,0.9609,0.9143,0.9502,0.9459,0.9004,0.9218,PASS
AU-11470,NT-005099,MD-216,2026-06-20 02:34:56,v2,1.0,1.0,1.0,1.0,1.0,1.0,0.9637,0.9964,PASS
AU-11471,NT-005103,MD-219,2026-06-20 04:50:57,v2,0.9421,0.9332,0.974,0.8512,1.0,0.9109,0.9013,0.9325,PASS
AU-11472,NT-005106,MD-208,2026-06-20 08:09:41,v2,0.9133,0.9665,0.9504,0.8784,0.9036,0.782,0.8783,0.7845,FAIL
AU-11473,NT-005108,MD-206,2026-06-19 14:07:36,v2,0.8526,0.9224,0.8559,0.8928,1.0,0.8976,0.9212,0.8981,PASS
AU-11474,NT-005109,MD-209,2026-06-20 15:48:27,v2,0.8451,1.0,0.9656,0.8953,0.9674,0.8554,0.923,0.9154,PASS
AU-11475,NT-005114,MD-232,2026-06-17 07:56:11,v2,0.8634,0.8722,0.8303,0.8771,0.9295,0.903,0.8854,0.8761,PASS
AU-11476,NT-005116,MD-224,2026-06-19 07:10:26,v2,1.0,1.0,1.0,0.9124,0.9441,0.9132,0.9105,0.9724,PASS
AU-11477,NT-005117,MD-218,2026-06-20 00:24:29,v2,0.8139,0.8288,0.8954,0.9041,0.7851,0.7934,0.963,0.8417,FAIL
AU-11478,NT-005122,MD-216,2026-06-17 05:44:00,v2,0.892,0.898,0.8482,1.0,0.9931,0.9908,1.0,0.928,PASS
AU-11479,NT-005124,MD-209,2026-06-17 05:29:51,v2,0.7481,0.6086,0.611,0.6985,0.7832,0.7243,0.7636,0.7053,FAIL
AU-11480,NT-005131,MD-218,2026-06-20 00:55:48,v2,0.8727,0.9378,1.0,1.0,1.0,0.8694,0.9928,0.9327,PASS
AU-11481,NT-005132,MD-203,2026-06-19 07:57:30,v2,0.8496,0.9633,0.9267,0.8435,0.7635,0.8916,0.8995,0.8798,PASS
AU-11482,NT-005133,MD-226,2026-06-19 18:08:05,v2,0.9552,0.9539,0.9418,1.0,0.9546,0.906,0.9435,0.955,PASS
AU-11483,NT-005144,MD-222,2026-06-18 11:13:51,v2,0.9954,1.0,1.0,0.8684,1.0,0.8698,0.9497,0.9737,PASS
AU-11484,NT-005146,MD-221,2026-06-18 11:20:46,v2,0.9701,0.9238,1.0,0.8456,0.865,0.9235,0.9527,0.933,PASS
AU-11485,NT-005149,MD-206,2026-06-18 02:23:32,v2,0.9239,0.9009,0.9624,1.0,0.9302,0.8861,0.8742,0.7841,FAIL
AU-11486,NT-005150,MD-211,2026-06-20 10:35:44,v2,1.0,1.0,1.0,0.9879,0.929,1.0,0.9736,0.989,PASS
AU-11487,NT-005154,MD-203,2026-06-19 05:13:10,v2,0.9713,0.9082,1.0,1.0,0.9541,0.8842,0.7923,0.9358,PASS
AU-11488,NT-005157,MD-204,2026-06-20 06:43:14,v2,0.939,1.0,1.0,0.9237,0.9834,1.0,0.9223,0.9616,PASS
AU-11489,NT-005163,MD-227,2026-06-18 02:58:02,v2,0.9928,0.9153,1.0,1.0,1.0,0.9536,1.0,0.8263,FAIL
AU-11490,NT-005167,MD-207,2026-06-18 10:43:41,v2,0.9769,0.9014,0.9971,1.0,0.9841,0.9822,0.9894,0.9636,PASS
AU-11491,NT-005168,MD-216,2026-06-20 14:09:56,v2,1.0,1.0,1.0,0.9646,0.8353,1.0,1.0,0.98,PASS
AU-11492,NT-005170,MD-228,2026-06-18 08:26:26,v2,1.0,1.0,1.0,1.0,1.0,0.9862,0.9437,0.9937,PASS
AU-11493,NT-005172,MD-207,2026-06-21 10:48:49,v2,0.9809,0.9166,1.0,0.8819,1.0,0.9854,1.0,0.9599,PASS
AU-11494,NT-005173,MD-214,2026-06-18 10:59:04,v2,1.0,0.9531,0.9765,0.9325,1.0,1.0,0.9358,0.8239,FAIL
AU-11495,NT-005176,MD-225,2026-06-21 00:58:49,v2,1.0,1.0,1.0,0.975,1.0,0.9678,1.0,0.9959,PASS
AU-11496,NT-005178,MD-232,2026-06-19 22:25:47,v2,0.8814,0.9274,1.0,1.0,1.0,1.0,0.9112,0.7815,FAIL
AU-11497,NT-005184,MD-210,2026-06-18 20:38:29,v2,0.9912,0.9169,1.0,1.0,1.0,0.9391,0.8596,0.959,PASS
AU-11498,NT-005186,MD-226,2026-06-20 01:01:57,v2,1.0,0.8783,0.8663,0.9256,0.9153,1.0,1.0,0.947,PASS
AU-11499,NT-005187,MD-233,2026-06-20 13:44:55,v2,0.9505,1.0,0.9133,0.9847,0.8562,0.9778,1.0,0.9613,PASS
AU-11500,NT-005191,MD-233,2026-06-19 15:37:33,v2,0.9104,0.866,0.8878,0.9104,0.8001,0.8818,0.8667,0.8814,PASS
AU-11501,NT-005192,MD-224,2026-06-19 09:55:07,v2,0.9604,1.0,0.9871,1.0,0.9574,0.9737,1.0,0.8355,FAIL
AU-11502,NT-005199,MD-203,2026-06-19 10:02:41,v2,0.9044,0.9992,1.0,0.956,0.845,0.9783,0.9473,0.9401,PASS
AU-11503,NT-005201,MD-214,2026-06-19 11:23:56,v2,1.0,0.9841,1.0,0.9644,0.9501,1.0,0.9406,0.9815,PASS
AU-11504,NT-005204,MD-222,2026-06-18 18:29:24,v2,0.9467,0.8864,0.9289,0.8758,0.8463,0.8155,0.8263,0.895,PASS
AU-11505,NT-005206,MD-222,2026-06-20 00:31:46,v2,1.0,1.0,0.9586,1.0,0.9593,1.0,1.0,0.9939,PASS
AU-11506,NT-005213,MD-223,2026-06-20 18:12:28,v2,0.8229,0.9006,0.8419,0.9089,0.8016,0.7908,0.7613,0.842,FAIL
AU-11507,NT-005214,MD-221,2026-06-19 12:16:34,v2,1.0,1.0,0.9057,1.0,0.9207,0.9414,1.0,0.9844,PASS
AU-11508,NT-005230,MD-231,2026-06-20 17:56:09,v2,0.7343,0.8185,0.8249,0.7862,0.7718,0.8185,0.853,0.7849,FAIL
AU-11509,NT-005232,MD-226,2026-06-20 19:05:01,v2,0.9287,0.8533,0.8376,0.9558,0.8233,0.9186,0.875,0.8916,PASS
AU-11510,NT-005234,MD-234,2026-06-20 11:13:47,v2,0.9796,1.0,1.0,0.9439,0.9843,0.9456,0.9098,0.9739,PASS
AU-11511,NT-005235,MD-201,2026-06-19 09:48:24,v2,0.9242,0.8618,0.926,0.9199,0.9359,0.9281,0.9285,0.9101,PASS
AU-11512,NT-005237,MD-223,2026-06-22 10:50:27,v2,0.9381,0.894,0.9256,1.0,0.9216,0.8806,1.0,0.9343,PASS
AU-11513,NT-005243,MD-212,2026-06-20 11:16:44,v2,0.9433,0.8794,0.9531,1.0,1.0,0.9655,0.9912,0.945,PASS
AU-11514,NT-005246,MD-226,2026-06-19 11:44:25,v2,0.9278,1.0,0.9571,0.9903,0.9876,1.0,0.9689,0.9673,PASS
AU-11515,NT-005247,MD-227,2026-06-19 03:16:44,v2,0.9557,0.9982,0.9592,0.9068,1.0,0.9887,0.9994,0.9721,PASS
AU-11516,NT-005250,MD-233,2026-06-22 04:48:29,v2,0.9574,0.8844,0.9234,0.9762,0.8787,0.9378,1.0,0.9347,PASS
AU-11517,NT-005251,MD-224,2026-06-19 14:05:56,v2,1.0,0.9852,0.9958,0.9968,0.9847,0.9721,0.9462,0.9875,PASS
AU-11518,NT-005255,MD-207,2026-06-21 02:16:09,v2,1.0,0.9995,0.939,1.0,1.0,0.9286,0.9643,0.9897,PASS
AU-11519,NT-005261,MD-206,2026-06-22 05:30:30,v2,1.0,1.0,0.9093,0.974,0.9972,1.0,1.0,0.9926,PASS
AU-11520,NT-005264,MD-204,2026-06-20 09:13:32,v2,0.8533,0.844,0.8455,0.7232,0.7503,0.8904,0.7837,0.8222,FAIL
AU-11521,NT-005265,MD-229,2026-06-20 14:50:22,v2,0.9206,0.8608,0.8557,0.9134,0.9365,0.8798,0.8333,0.8925,PASS
AU-11522,NT-005266,MD-221,2026-06-22 13:50:36,v2,1.0,1.0,0.9458,1.0,1.0,1.0,0.9738,0.9947,PASS
AU-11523,NT-005269,MD-226,2026-06-21 08:09:27,v2,0.8354,0.825,0.7455,0.6036,0.8234,0.7164,0.7239,0.7868,FAIL
AU-11524,NT-005271,MD-228,2026-06-21 22:11:13,v2,0.7838,0.878,0.9034,1.0,0.9318,0.9414,0.8071,0.86,PASS
AU-11525,NT-005277,MD-207,2026-06-21 05:02:17,v2,0.9885,0.9138,0.9343,1.0,0.9511,0.9271,1.0,0.9626,PASS
AU-11526,NT-005278,MD-218,2026-06-19 12:05:13,v2,0.9896,0.9556,0.9962,0.8994,0.8841,0.9009,0.9094,0.816,FAIL
AU-11527,NT-005279,MD-227,2026-06-22 19:58:52,v2,0.9017,0.8787,0.9809,0.9887,0.9663,0.9587,0.9273,0.9205,PASS
AU-11528,NT-005281,MD-224,2026-06-20 12:24:46,v2,0.8239,0.8403,0.9057,0.8646,0.8012,0.8456,0.9136,0.8439,FAIL
AU-11529,NT-005282,MD-232,2026-06-22 06:39:30,v2,1.0,0.9923,0.9985,1.0,1.0,0.9073,0.9572,0.9891,PASS
AU-11530,NT-005285,MD-234,2026-06-21 15:16:33,v2,1.0,0.9673,0.9224,0.9169,0.8874,0.9652,0.9434,0.961,PASS
AU-11531,NT-005287,MD-209,2026-06-20 04:58:02,v2,0.4347,0.5323,0.4928,0.3194,0.419,0.4073,0.3942,0.3812,FAIL
AU-11532,NT-005288,MD-231,2026-06-23 05:10:28,v2,0.9696,0.9777,1.0,1.0,1.0,0.9939,1.0,0.9835,PASS
AU-11533,NT-005294,MD-212,2026-06-21 18:38:07,v2,0.8877,0.9361,0.9284,0.9191,0.8332,0.9945,0.9357,0.9096,PASS
AU-11534,NT-005298,MD-201,2026-06-20 13:30:06,v2,0.9486,0.8606,0.9997,0.9005,0.9137,0.9229,0.9019,0.9149,PASS
AU-11535,NT-005305,MD-210,2026-06-24 04:12:27,v2,0.9741,0.9281,0.9301,0.9291,0.9684,0.9962,1.0,0.9591,PASS
AU-11536,NT-005311,MD-220,2026-06-23 05:20:51,v2,0.999,0.9951,0.961,0.9622,1.0,0.9123,0.998,0.9881,PASS
AU-11537,NT-005312,MD-221,2026-06-24 02:41:22,v2,1.0,0.8694,0.947,0.9711,0.9372,1.0,0.9288,0.9484,PASS
AU-11538,NT-005313,MD-202,2026-06-21 11:37:38,v2,1.0,0.9212,1.0,0.9913,0.9985,0.9488,0.9338,0.9701,PASS
AU-11539,NT-005315,MD-201,2026-06-21 15:49:46,v2,0.9252,0.9695,1.0,0.9702,1.0,0.9448,1.0,0.9605,PASS
AU-11540,NT-005321,MD-222,2026-06-22 11:48:14,v2,0.9127,0.9547,1.0,0.9937,0.8302,0.9627,0.8649,0.9251,PASS
AU-11541,NT-005329,MD-223,2026-06-25 14:50:16,v2,0.979,0.9531,0.9897,1.0,1.0,1.0,0.9567,0.8261,FAIL
AU-11542,NT-005331,MD-226,2026-06-24 01:12:43,v2,0.843,0.9483,0.7439,0.8726,0.8168,0.802,0.8049,0.8588,PASS
AU-11543,NT-005334,MD-204,2026-06-23 16:37:57,v2,0.9684,0.9128,1.0,0.9012,0.996,0.9883,0.9895,0.9552,PASS
AU-11544,NT-005339,MD-234,2026-06-24 23:55:19,v2,1.0,0.9182,1.0,0.9378,1.0,0.9679,0.8357,0.9553,PASS
AU-11545,NT-005341,MD-216,2026-06-23 11:50:43,v2,0.8808,0.9276,0.9562,0.8618,0.8621,0.885,0.8165,0.8863,PASS
AU-11546,NT-005347,MD-204,2026-06-24 08:19:31,v2,0.8523,0.7891,0.8067,0.827,0.8753,0.7099,0.7701,0.6956,FAIL
AU-11547,NT-005349,MD-232,2026-06-23 02:19:39,v2,0.9925,0.8475,0.9073,0.9017,0.8899,0.8833,0.9568,0.9236,PASS
AU-11548,NT-005354,MD-221,2026-06-25 09:05:57,v2,1.0,1.0,0.9854,1.0,1.0,1.0,0.903,0.9896,PASS
AU-11549,NT-005355,MD-228,2026-06-25 16:13:31,v2,0.8803,0.9323,0.8869,1.0,1.0,0.8731,0.8995,0.9191,PASS
AU-11550,NT-005361,MD-227,2026-06-23 07:10:06,v2,0.8323,1.0,0.8926,0.8465,0.8801,0.8725,0.8615,0.7567,FAIL
AU-11551,NT-005362,MD-225,2026-06-25 16:58:48,v2,0.9636,0.9978,0.9618,0.9809,1.0,1.0,1.0,0.9829,PASS
AU-11552,NT-005368,MD-215,2026-06-24 01:26:09,v2,0.7599,0.7807,0.8588,0.7849,0.7947,0.9005,0.8391,0.6665,FAIL
AU-11553,NT-005371,MD-223,2026-06-26 13:38:09,v2,0.9239,0.7957,0.7777,0.8553,0.845,0.7912,0.8907,0.7358,FAIL
AU-11554,NT-005372,MD-218,2026-06-24 04:37:01,v2,0.8726,0.8229,0.9145,0.7793,0.8242,0.823,0.8955,0.8479,FAIL
AU-11555,NT-005374,MD-230,2026-06-23 21:03:37,v2,0.9505,1.0,0.9807,1.0,1.0,0.9849,0.932,0.9742,PASS
AU-11556,NT-005376,MD-215,2026-06-24 03:05:50,v2,0.9651,1.0,1.0,1.0,1.0,1.0,1.0,0.9878,PASS
AU-11557,NT-005380,MD-219,2026-06-23 13:56:41,v2,0.7884,0.9808,1.0,0.8422,0.9043,0.8144,0.9215,0.8787,PASS
AU-11558,NT-005388,MD-204,2026-06-24 19:54:09,v2,1.0,0.9393,1.0,1.0,1.0,0.9302,1.0,0.9813,PASS
AU-11559,NT-005390,MD-230,2026-06-26 08:56:51,v2,0.8906,0.8877,0.9876,1.0,0.9733,0.8877,0.9599,0.9207,PASS
AU-11560,NT-005397,MD-234,2026-06-25 19:37:00,v2,0.9308,0.9483,0.9993,0.8805,1.0,0.8646,0.9681,0.9409,PASS
AU-11561,NT-005398,MD-225,2026-06-24 07:58:42,v2,0.9997,0.8933,1.0,0.9191,1.0,1.0,1.0,0.9651,PASS
AU-11562,NT-005399,MD-203,2026-06-26 00:59:21,v2,0.8853,0.8962,0.942,0.956,0.9114,0.9465,0.8896,0.904,PASS
AU-11563,NT-005400,MD-212,2026-06-25 05:16:02,v2,0.8464,0.7887,0.804,0.8792,0.6914,0.7294,0.7719,0.8044,FAIL
AU-11564,NT-005406,MD-207,2026-06-26 18:55:02,v2,1.0,1.0,1.0,1.0,0.9902,0.9705,1.0,0.9975,PASS
AU-11565,NT-005407,MD-215,2026-06-25 20:24:49,v2,1.0,1.0,1.0,0.9589,0.9849,0.9778,1.0,0.9933,PASS
AU-11566,NT-005411,MD-225,2026-06-25 04:35:30,v2,0.8405,0.9353,0.9282,0.8001,0.9389,0.9134,0.9533,0.8893,PASS
AU-11567,NT-005415,MD-203,2026-06-24 20:29:12,v2,0.9105,0.8932,0.9706,1.0,0.8893,0.8958,1.0,0.9242,PASS
AU-11568,NT-005419,MD-205,2026-06-22 21:38:12,v2,1.0,0.9479,0.9616,0.8684,0.9141,0.9629,0.8789,0.8098,FAIL
AU-11569,NT-005421,MD-225,2026-06-25 16:28:16,v2,0.8749,0.9332,0.9204,1.0,0.9349,0.9296,0.9369,0.9192,PASS
AU-11570,NT-005422,MD-234,2026-06-25 05:42:52,v2,0.4787,0.3688,0.3145,0.4099,0.3464,0.4495,0.3967,0.4132,FAIL
AU-11571,NT-005426,MD-221,2026-06-26 15:07:28,v2,1.0,0.9388,0.9635,0.9559,0.9896,0.8717,0.9667,0.9677,PASS
AU-11572,NT-005432,MD-223,2026-06-25 05:07:43,v2,1.0,1.0,0.959,0.9182,0.9357,1.0,1.0,0.9833,PASS
AU-11573,NT-005433,MD-229,2026-06-24 03:03:51,v2,0.8485,0.9727,1.0,1.0,1.0,1.0,0.9422,0.9344,PASS
AU-11574,NT-005435,MD-201,2026-06-26 19:29:35,v2,1.0,1.0,0.8643,0.9256,0.9002,0.9274,1.0,0.9722,PASS
AU-11575,NT-005439,MD-216,2026-06-26 15:35:10,v2,1.0,0.9185,0.9377,0.9875,1.0,0.9878,0.9134,0.966,PASS
AU-11576,NT-005443,MD-216,2026-06-25 07:48:37,v2,0.9183,0.9263,0.8856,0.9631,0.889,0.9648,0.9687,0.9276,PASS
AU-11577,NT-005445,MD-220,2026-06-24 13:30:31,v2,1.0,1.0,0.9981,0.9037,0.9414,1.0,0.9611,0.9805,PASS
AU-11578,NT-005449,MD-204,2026-06-23 21:56:28,v2,0.9992,0.9558,1.0,0.9255,1.0,1.0,0.9636,0.9776,PASS
AU-11579,NT-005452,MD-205,2026-06-26 01:15:12,v2,0.5316,0.663,0.665,0.5899,0.6143,0.6018,0.6518,0.6008,FAIL
AU-11580,NT-005454,MD-201,2026-06-24 03:09:58,v2,0.7998,0.8956,0.8076,0.9122,0.8159,0.9505,0.8852,0.8531,PASS
AU-11581,NT-005455,MD-203,2026-06-27 09:50:27,v2,0.8827,0.8283,0.8724,0.8148,0.9018,0.8511,0.7978,0.7209,FAIL
AU-11582,NT-005457,MD-216,2026-06-25 16:41:05,v2,0.9123,0.8826,1.0,0.9179,1.0,0.8786,1.0,0.9257,PASS
AU-11583,NT-005462,MD-203,2026-06-24 20:13:18,v2,1.0,1.0,0.9337,1.0,0.9062,0.9161,0.9126,0.9744,PASS
AU-11584,NT-005469,MD-225,2026-06-27 01:52:54,v2,0.927,0.995,0.9999,1.0,0.9962,1.0,0.9457,0.9674,PASS
AU-11585,NT-005473,MD-229,2026-06-24 08:14:40,v2,0.9765,1.0,1.0,1.0,1.0,1.0,1.0,0.8418,FAIL
AU-11586,NT-005477,MD-206,2026-06-24 06:01:58,v2,1.0,0.9188,0.9786,0.8771,0.9217,0.9481,1.0,0.8163,FAIL
AU-11587,NT-005495,MD-225,2026-06-25 01:51:23,v2,0.8232,0.9255,0.8126,0.8294,0.8095,0.8016,0.8515,0.7282,FAIL
AU-11588,NT-005497,MD-204,2026-06-25 05:11:58,v2,0.996,0.9682,1.0,0.9125,0.7855,0.8286,0.9631,0.9482,PASS
AU-11589,NT-005498,MD-219,2026-06-24 12:33:57,v2,0.8733,1.0,0.9724,0.9766,1.0,1.0,0.9086,0.9428,PASS
AU-11590,NT-005502,MD-208,2026-06-24 12:52:39,v2,1.0,0.9546,0.9403,1.0,0.9386,0.956,0.9688,0.9742,PASS
AU-11591,NT-005503,MD-204,2026-06-27 12:10:34,v2,0.6639,0.713,0.5722,0.5899,0.6107,0.5686,0.6679,0.6545,FAIL
AU-11592,NT-005507,MD-207,2026-06-25 13:27:53,v2,0.94,0.9605,0.9393,0.9741,0.9832,1.0,1.0,0.9618,PASS
AU-11593,NT-005510,MD-232,2026-06-28 14:28:43,v2,0.9107,0.817,0.7687,0.8449,0.7832,0.664,0.7778,0.7237,FAIL
AU-11594,NT-005513,MD-232,2026-06-25 05:57:58,v2,0.7936,0.879,0.9712,0.9173,0.8979,0.976,0.8349,0.8599,PASS
AU-11595,NT-005515,MD-222,2026-06-27 05:39:02,v2,0.9971,0.9025,1.0,0.9432,0.9962,1.0,1.0,0.9685,PASS
AU-11596,NT-005517,MD-233,2026-06-28 12:10:16,v2,0.965,0.9563,0.9057,1.0,0.896,1.0,0.9228,0.954,PASS
AU-11597,NT-005521,MD-208,2026-06-25 19:29:08,v2,1.0,0.9792,1.0,1.0,0.9879,0.9891,1.0,0.993,PASS
AU-11598,NT-005523,MD-211,2026-06-26 08:37:17,v2,1.0,0.9718,1.0,0.9992,0.8498,0.9481,1.0,0.8429,FAIL
AU-11599,NT-005524,MD-206,2026-06-27 08:30:10,v2,0.9823,0.915,0.9691,1.0,0.9681,1.0,0.9483,0.9626,PASS
AU-11600,NT-005537,MD-223,2026-06-25 20:53:19,v2,0.9919,0.9574,1.0,0.9843,1.0,1.0,1.0,0.9849,PASS
AU-11601,NT-005549,MD-221,2026-06-28 18:34:11,v2,0.9687,1.0,0.967,1.0,1.0,0.9883,0.9069,0.9775,PASS
AU-11602,NT-005554,MD-224,2026-06-27 07:43:31,v2,0.9318,0.9513,0.9775,0.9237,0.8922,0.9057,0.9919,0.9389,PASS
AU-11603,NT-005558,MD-208,2026-06-27 15:13:02,v2,0.8384,1.0,1.0,1.0,1.0,0.9166,0.9858,0.9379,PASS
AU-11604,NT-005563,MD-202,2026-06-26 15:02:52,v2,1.0,1.0,0.8973,0.909,1.0,1.0,1.0,0.9858,PASS
AU-11605,NT-005565,MD-205,2026-06-26 19:47:38,v2,0.8934,1.0,0.8481,0.9822,1.0,1.0,0.9298,0.9463,PASS
AU-11606,NT-005566,MD-204,2026-06-25 22:07:34,v2,0.9553,0.9215,1.0,0.9906,1.0,1.0,1.0,0.9638,PASS
AU-11607,NT-005576,MD-224,2026-06-27 04:44:05,v2,0.8695,0.7675,0.8706,0.7453,0.7623,0.9188,0.8835,0.8248,FAIL
AU-11608,NT-005582,MD-233,2026-06-28 06:45:24,v2,0.7126,0.6975,0.6797,0.6782,0.7614,0.6595,0.595,0.6942,FAIL
AU-11609,NT-005593,MD-228,2026-06-29 14:31:52,v2,0.9339,0.8424,1.0,0.9467,0.9223,0.9881,0.9552,0.9193,PASS
AU-11610,NT-005600,MD-231,2026-06-28 02:05:33,v2,0.7943,0.9537,0.9094,0.8482,0.9399,0.9509,0.9112,0.8794,PASS
AU-11611,NT-005605,MD-203,2026-06-26 20:00:34,v2,0.8832,0.9228,0.9468,0.8821,0.9453,0.8869,0.9609,0.9103,PASS
AU-11612,NT-005608,MD-214,2026-06-26 04:35:37,v2,0.8206,0.8531,0.9314,0.9054,0.6841,0.8477,0.8157,0.83,FAIL
AU-11613,NT-005616,MD-218,2026-06-29 01:16:16,v2,0.924,0.9677,0.8612,0.8663,0.8612,0.8526,0.8981,0.9136,PASS
AU-11614,NT-005617,MD-226,2026-06-26 23:24:30,v2,0.4507,0.5134,0.5523,0.6016,0.5825,0.6312,0.4807,0.5117,FAIL
AU-11615,NT-005618,MD-217,2026-06-29 03:08:31,v2,0.787,0.8414,0.8325,0.8952,0.7788,0.7739,0.7972,0.8132,FAIL
AU-11616,NT-005619,MD-232,2026-06-28 00:22:09,v2,1.0,0.9091,1.0,0.9928,0.9691,0.9387,0.9129,0.9617,PASS
AU-11617,NT-005623,MD-214,2026-06-29 06:59:00,v2,0.93,0.9494,1.0,0.979,1.0,0.8918,0.9465,0.8054,FAIL
AU-11618,NT-005624,MD-211,2026-06-27 19:40:21,v2,1.0,0.9682,0.9463,0.8863,0.9605,0.9939,1.0,0.828,FAIL
AU-11619,NT-005629,MD-214,2026-06-28 07:31:32,v2,0.9419,0.9745,0.9066,0.9695,1.0,0.9885,0.9919,0.8148,FAIL
AU-11620,NT-005636,MD-202,2026-06-29 17:04:58,v2,0.9099,1.0,1.0,0.9894,1.0,0.9063,1.0,0.9627,PASS
AU-11621,NT-005647,MD-231,2026-06-26 21:41:04,v2,0.8619,0.9888,0.9592,0.8883,0.9361,0.8885,0.9291,0.9166,PASS
AU-11622,NT-005648,MD-226,2026-06-26 19:35:40,v2,0.9593,0.958,0.8497,0.7902,0.9027,0.8959,1.0,0.9318,PASS
AU-11623,NT-005651,MD-234,2026-06-27 20:22:58,v2,0.7632,0.87,0.8583,0.8882,0.9773,0.8349,0.8377,0.7001,FAIL
AU-11624,NT-005652,MD-205,2026-06-27 18:00:00,v2,0.896,0.9564,1.0,0.9419,0.9775,0.8924,1.0,0.9393,PASS
AU-11625,NT-005654,MD-203,2026-06-29 00:45:37,v2,0.9982,1.0,1.0,0.983,0.9766,1.0,0.9634,0.9917,PASS
AU-11626,NT-005656,MD-209,2026-06-27 22:57:52,v2,0.9094,0.9613,1.0,0.8819,0.9027,0.9977,0.8954,0.9265,PASS
AU-11627,NT-005671,MD-220,2026-06-30 14:05:01,v2,0.7878,0.9113,0.8272,0.7952,0.7789,0.7747,0.7854,0.703,FAIL
AU-11628,NT-005673,MD-230,2026-06-28 20:50:49,v2,1.0,0.9439,1.0,0.9775,0.8802,0.9965,0.9769,0.9693,PASS
AU-11629,NT-005677,MD-226,2026-06-27 21:31:14,v2,0.9377,1.0,0.9227,0.9686,0.9226,0.9131,0.939,0.953,PASS
AU-11630,NT-005679,MD-201,2026-06-30 18:04:41,v2,0.9251,1.0,0.9176,0.9183,0.97,0.9888,0.8988,0.9478,PASS
AU-11631,NT-005683,MD-227,2026-06-27 18:38:21,v2,0.664,0.5326,0.5883,0.5778,0.5891,0.6468,0.4466,0.5886,FAIL
AU-11632,NT-005684,MD-227,2026-06-29 23:29:27,v2,1.0,1.0,0.9821,0.9954,0.9667,1.0,0.958,0.9911,PASS
AU-11633,NT-005687,MD-208,2026-06-27 14:12:37,v2,0.8215,0.8486,0.8207,0.8249,0.8751,0.8771,0.8158,0.8361,FAIL
AU-11634,NT-005703,MD-204,2026-06-29 19:51:53,v2,0.7657,0.8682,0.9797,0.8602,0.852,0.9461,0.8415,0.8367,FAIL
AU-11635,NT-005707,MD-230,2026-06-26 23:38:31,v2,1.0,0.9035,1.0,0.9425,1.0,0.9939,0.9833,0.9682,PASS
AU-11636,NT-005710,MD-229,2026-06-27 18:01:51,v2,0.7205,0.8491,0.8612,0.7868,0.7427,0.7712,0.8377,0.7828,FAIL
AU-11637,NT-005713,MD-204,2026-06-28 16:59:30,v2,0.8599,0.8987,0.7973,0.7861,0.9092,0.7986,0.7805,0.853,PASS
AU-11638,NT-005715,MD-207,2026-06-27 08:13:02,v2,0.824,0.8536,0.8127,0.9753,0.8184,0.717,0.9056,0.8482,FAIL
AU-11639,NT-005722,MD-207,2026-06-28 05:58:53,v2,0.9247,0.9995,1.0,0.9404,0.9858,0.9072,0.9294,0.8105,FAIL
AU-11640,NT-005725,MD-204,2026-06-30 06:28:13,v2,0.8292,0.8961,0.9402,0.9295,0.8213,0.7969,0.9047,0.8667,PASS
AU-11641,NT-005726,MD-210,2026-06-30 13:19:06,v2,0.8683,0.7857,0.9302,0.7982,0.9358,0.9081,0.8879,0.8544,PASS
AU-11642,NT-005732,MD-234,2026-06-28 03:30:05,v2,0.852,0.9151,0.8441,0.8667,0.9096,0.7524,0.9715,0.8816,PASS
AU-11643,NT-005733,MD-234,2026-06-27 05:43:27,v2,0.8634,0.915,0.8574,0.9282,0.89,0.955,0.7265,0.876,PASS
AU-11644,NT-005736,MD-228,2026-06-29 11:00:12,v2,0.8647,0.887,0.8594,0.993,0.9166,0.8642,0.9136,0.758,FAIL
AU-11645,NT-005738,MD-213,2026-06-28 10:52:05,v2,0.9712,0.972,0.9321,1.0,0.9927,1.0,0.959,0.9747,PASS
AU-11646,NT-005739,MD-203,2026-06-29 23:50:22,v2,0.9595,0.8245,0.9088,0.8864,0.9657,0.8326,0.9677,0.911,PASS
AU-11647,NT-005741,MD-231,2026-06-29 23:47:16,v2,0.9321,0.8773,0.8961,0.791,0.8798,0.8636,0.9201,0.8926,PASS
AU-11648,NT-005742,MD-229,2026-06-27 11:30:59,v2,0.9101,0.9809,0.9959,1.0,1.0,0.9927,0.9726,0.9604,PASS
AU-11649,NT-005754,MD-212,2026-06-28 17:49:33,v2,1.0,0.9622,1.0,1.0,0.912,0.8993,1.0,0.9767,PASS
AU-11650,NT-005756,MD-228,2026-06-28 06:38:27,v2,1.0,0.9798,0.9224,1.0,1.0,1.0,1.0,0.9911,PASS
AU-11651,NT-005760,MD-214,2026-06-28 09:06:38,v2,0.9217,1.0,1.0,0.9873,0.9733,1.0,1.0,0.9686,PASS
AU-11652,NT-005765,MD-201,2026-06-29 16:54:20,v2,0.8443,0.9786,0.9691,0.8887,0.9336,0.8756,0.9344,0.9081,PASS
AU-11653,NT-005775,MD-225,2026-07-02 10:14:26,v2,1.0,1.0,0.935,0.9988,0.9685,0.9473,1.0,0.9908,PASS
AU-11654,NT-005776,MD-221,2026-06-29 11:57:06,v2,0.9468,0.8892,0.8117,0.959,0.7713,0.8521,0.8942,0.8993,PASS
AU-11655,NT-005777,MD-233,2026-07-02 11:15:58,v2,0.4423,0.6873,0.6433,0.6039,0.5585,0.5313,0.4479,0.5464,FAIL
AU-11656,NT-005783,MD-202,2026-06-30 09:21:48,v2,0.7862,0.8232,0.7435,0.7515,0.7282,0.6563,0.6983,0.7688,FAIL
AU-11657,NT-005785,MD-231,2026-07-02 03:04:45,v2,0.913,0.8784,0.9421,0.8592,0.8724,0.9283,0.8564,0.8915,PASS
AU-11658,NT-005791,MD-229,2026-07-01 13:00:13,v2,0.9023,0.7875,0.804,0.945,0.9541,0.8471,0.8622,0.8714,PASS
AU-11659,NT-005792,MD-218,2026-07-03 16:01:10,v2,0.935,1.0,1.0,0.9855,1.0,1.0,1.0,0.9758,PASS
AU-11660,NT-005793,MD-206,2026-07-03 05:20:57,v2,0.838,0.935,0.8116,0.8536,0.8378,0.8098,0.881,0.8653,PASS
AU-11661,NT-005797,MD-231,2026-07-03 01:25:58,v2,1.0,1.0,0.9387,1.0,0.9366,0.9651,1.0,0.9888,PASS
AU-11662,NT-005800,MD-205,2026-07-03 04:38:09,v2,0.9592,1.0,0.9663,1.0,0.9581,1.0,1.0,0.9798,PASS
AU-11663,NT-005806,MD-205,2026-07-03 13:44:14,v2,0.7613,0.6668,0.7166,0.7099,0.7474,0.7437,0.7965,0.6196,FAIL
AU-11664,NT-005807,MD-213,2026-06-30 08:19:48,v2,0.7286,0.9193,0.913,0.8119,0.8217,0.8742,0.8254,0.6942,FAIL
AU-11665,NT-005810,MD-217,2026-06-30 07:08:13,v2,1.0,1.0,0.9611,0.9959,1.0,0.9635,0.8931,0.9851,PASS
AU-11666,NT-005812,MD-219,2026-07-03 17:41:53,v2,1.0,0.9571,0.9929,0.9719,0.9229,1.0,1.0,0.9784,PASS
AU-11667,NT-005820,MD-230,2026-07-03 21:00:28,v2,0.8388,1.0,1.0,0.9661,0.8639,1.0,0.9876,0.9253,PASS
AU-11668,NT-005822,MD-228,2026-07-01 03:41:41,v2,0.8896,0.9222,0.8915,0.9692,0.9954,0.9304,1.0,0.9295,PASS
AU-11669,NT-005824,MD-206,2026-07-02 19:09:31,v2,0.8688,0.9435,0.9744,0.938,0.9083,0.9024,0.816,0.9,PASS
AU-11670,NT-005827,MD-204,2026-07-02 01:19:55,v2,0.8189,0.8996,0.8617,0.804,0.8551,0.8456,0.7965,0.7146,FAIL
AU-11671,NT-005829,MD-231,2026-06-30 08:11:40,v2,0.9142,0.8859,0.8984,0.8582,0.8459,0.8689,0.8311,0.8833,PASS
AU-11672,NT-005833,MD-207,2026-07-01 17:38:32,v2,0.9859,0.9317,1.0,1.0,1.0,1.0,0.9814,0.9761,PASS
AU-11673,NT-005834,MD-211,2026-06-30 11:10:32,v2,0.9686,0.9132,0.942,0.8981,0.8611,0.8621,0.9013,0.7944,FAIL
AU-11674,NT-005836,MD-213,2026-07-03 07:21:00,v2,1.0,0.9314,0.8429,0.8475,0.9553,0.8686,0.9982,0.9485,PASS
AU-11675,NT-005845,MD-204,2026-07-03 10:24:54,v2,1.0,0.9409,0.9302,0.964,0.9172,0.9283,1.0,0.9663,PASS
AU-11676,NT-005847,MD-234,2026-07-01 09:25:40,v2,0.9645,1.0,1.0,1.0,0.9639,1.0,0.8496,0.9689,PASS
AU-11677,NT-005850,MD-207,2026-07-01 02:46:18,v2,0.8086,0.9065,0.8791,0.9146,0.9288,0.8917,0.8612,0.7312,FAIL
AU-11678,NT-005851,MD-204,2026-07-01 18:53:50,v2,0.9533,0.9341,0.9399,1.0,0.9103,0.9774,0.9673,0.9508,PASS
AU-11679,NT-005856,MD-225,2026-07-01 10:47:21,v2,0.8562,0.9111,0.9729,0.94,0.9449,0.8985,0.9089,0.9004,PASS
AU-11680,NT-005859,MD-204,2026-07-02 21:33:05,v2,0.9632,1.0,0.978,1.0,1.0,1.0,1.0,0.986,PASS
AU-11681,NT-005860,MD-207,2026-07-01 18:08:17,v2,0.971,0.9865,1.0,0.9465,1.0,0.9062,0.946,0.971,PASS
AU-11682,NT-005868,MD-208,2026-07-01 12:36:13,v2,0.8395,0.8445,0.9578,0.9503,0.8492,0.9802,0.9421,0.876,PASS
AU-11683,NT-005869,MD-223,2026-07-01 08:59:42,v2,0.9182,0.8952,0.9822,0.8647,0.8991,0.8803,0.989,0.9136,PASS
AU-11684,NT-005870,MD-233,2026-07-02 19:29:42,v2,0.9862,0.9825,0.957,0.9654,1.0,1.0,1.0,0.9852,PASS
AU-11685,NT-005872,MD-214,2026-07-02 23:32:47,v2,0.8662,0.8198,0.9123,0.842,0.8216,0.8519,0.7255,0.8352,FAIL
AU-11686,NT-005878,MD-229,2026-07-04 06:47:31,v2,0.9085,0.8549,0.8059,0.9903,0.8759,0.8116,0.8771,0.8869,PASS
AU-11687,NT-005886,MD-227,2026-07-04 19:55:10,v2,0.9947,1.0,0.9689,1.0,1.0,0.9746,0.9413,0.9895,PASS
AU-11688,NT-005890,MD-218,2026-07-01 02:17:31,v2,0.9769,0.9641,0.9581,0.8255,0.9218,0.9366,0.8623,0.7996,FAIL
AU-11689,NT-005896,MD-204,2026-07-01 08:45:46,v2,1.0,0.9978,1.0,0.9985,1.0,1.0,0.9223,0.9915,PASS
AU-11690,NT-005899,MD-212,2026-07-01 03:58:37,v2,1.0,1.0,0.9887,1.0,0.9986,1.0,0.9808,0.9974,PASS
AU-11691,NT-005908,MD-222,2026-07-03 11:16:16,v2,0.892,0.7959,0.8335,0.7884,0.901,0.8347,0.8207,0.8456,FAIL
AU-11692,NT-005909,MD-218,2026-07-03 09:48:45,v2,0.8815,0.9509,0.9041,1.0,0.8726,0.8824,0.9112,0.914,PASS
AU-11693,NT-005911,MD-226,2026-07-04 17:18:22,v2,0.8248,0.9096,0.8319,0.806,0.8384,0.9282,0.9305,0.8616,PASS
AU-11694,NT-005913,MD-201,2026-07-01 05:55:46,v2,0.9828,0.8918,0.9662,0.9745,0.9657,0.907,0.9153,0.9461,PASS
AU-11695,NT-005914,MD-227,2026-07-02 20:24:36,v2,0.8129,0.8876,0.9706,0.8276,0.9238,1.0,0.9255,0.8726,PASS
AU-11696,NT-005915,MD-204,2026-07-03 04:21:23,v2,0.9535,0.9493,0.8599,0.8805,0.894,0.8965,0.902,0.9265,PASS
AU-11697,NT-005917,MD-212,2026-07-02 15:06:34,v2,0.9726,0.9447,0.8979,0.9424,0.9347,1.0,0.8792,0.9471,PASS
AU-11698,NT-005920,MD-202,2026-07-02 08:57:22,v2,0.5184,0.3837,0.4989,0.485,0.4352,0.5259,0.4274,0.4634,FAIL
AU-11699,NT-005930,MD-201,2026-07-01 04:27:38,v2,0.6294,0.5573,0.652,0.567,0.5052,0.5712,0.481,0.497,FAIL
AU-11700,NT-005936,MD-218,2026-07-03 03:18:47,v2,1.0,0.9824,0.976,1.0,0.8976,0.8346,1.0,0.9759,PASS
AU-11701,NT-005938,MD-228,2026-07-01 23:36:54,v2,0.9777,1.0,1.0,0.9245,1.0,1.0,0.9254,0.9772,PASS
AU-11702,NT-005941,MD-214,2026-07-03 05:36:40,v2,0.8954,1.0,0.9172,0.9846,0.8767,0.8886,0.9742,0.9372,PASS
AU-11703,NT-005949,MD-210,2026-07-02 03:44:17,v2,0.895,0.9601,0.8175,0.9548,0.9297,0.8032,0.7791,0.9007,PASS
AU-11704,NT-005959,MD-225,2026-07-05 05:44:42,v2,0.7048,0.5565,0.6129,0.6186,0.5973,0.5989,0.628,0.6308,FAIL
AU-11705,NT-005964,MD-222,2026-07-03 12:56:29,v2,1.0,1.0,0.9749,1.0,0.9063,1.0,1.0,0.9894,PASS
AU-11706,NT-005966,MD-234,2026-07-02 06:28:34,v2,0.9419,0.9444,0.8998,1.0,0.8968,0.9834,0.8618,0.9358,PASS
AU-11707,NT-005968,MD-203,2026-07-04 16:45:22,v2,0.9961,0.956,0.8911,0.9274,0.9221,0.9056,0.8551,0.9479,PASS
AU-11708,NT-005970,MD-215,2026-07-04 10:04:11,v2,0.8187,0.9333,0.9859,0.925,0.9421,1.0,0.8932,0.751,FAIL
AU-11709,NT-005974,MD-219,2026-07-02 05:53:56,v2,0.8919,0.993,0.9959,0.9089,0.8456,0.9147,0.8711,0.9185,PASS
AU-11710,NT-005976,MD-232,2026-07-02 06:05:43,v2,0.388,0.5109,0.5035,0.4043,0.4619,0.5229,0.41,0.3701,FAIL
AU-11711,NT-005980,MD-201,2026-07-03 07:41:24,v2,1.0,0.9021,0.8777,0.9722,0.955,1.0,0.9758,0.9597,PASS
AU-11712,NT-005982,MD-201,2026-07-04 00:08:14,v2,0.9437,0.9581,1.0,0.9518,1.0,1.0,1.0,0.965,PASS
AU-11713,NT-005985,MD-217,2026-07-04 13:55:03,v2,0.7194,0.9054,0.8932,0.8629,0.9472,0.9347,0.8812,0.8387,FAIL
AU-11714,NT-005986,MD-214,2026-07-02 13:11:42,v2,0.8538,1.0,1.0,0.9671,0.8791,0.9481,0.9213,0.923,PASS
AU-11715,NT-005988,MD-203,2026-07-03 06:14:47,v2,0.9105,0.8817,0.9722,0.8942,0.8923,0.9217,0.8926,0.9017,PASS
AU-11716,NT-005991,MD-227,2026-07-02 20:24:59,v2,0.9405,0.9228,1.0,1.0,0.8667,1.0,0.9641,0.9429,PASS
AU-11717,NT-005993,MD-206,2026-07-05 03:34:48,v2,0.9764,1.0,0.9134,0.9004,0.9452,1.0,0.9136,0.9633,PASS
AU-11718,NT-005994,MD-225,2026-07-04 07:31:06,v2,0.5412,0.6015,0.6938,0.6757,0.5183,0.55,0.578,0.4999,FAIL
AU-11719,NT-005996,MD-212,2026-07-04 02:03:58,v2,0.9588,0.945,0.9777,0.9709,0.9881,0.992,0.9314,0.9593,PASS
AU-11720,NT-005998,MD-219,2026-07-02 04:20:17,v2,1.0,0.9913,0.9517,0.9818,1.0,1.0,0.998,0.9934,PASS
AU-11721,NT-005999,MD-205,2026-07-03 07:10:20,v2,0.9612,0.9762,0.9334,1.0,0.8941,1.0,1.0,0.9666,PASS
AU-11722,NT-006001,MD-227,2026-07-04 15:15:06,v2,0.9021,0.8218,0.897,0.8615,0.8836,0.8869,0.8782,0.8727,PASS
AU-11723,NT-006002,MD-234,2026-07-05 22:37:22,v2,0.8644,1.0,0.9458,0.9662,0.8831,0.9546,0.8668,0.9192,PASS
AU-11724,NT-006006,MD-234,2026-07-05 00:21:13,v2,1.0,0.9725,0.9237,0.9051,0.9117,0.8554,0.8472,0.9485,PASS
AU-11725,NT-006008,MD-218,2026-07-04 10:14:15,v2,1.0,0.999,0.9139,0.9192,0.9383,0.9361,0.9096,0.969,PASS
AU-11726,NT-006012,MD-221,2026-07-03 08:26:22,v2,0.9359,0.7911,0.9878,0.9509,0.9565,0.9892,1.0,0.9149,PASS
AU-11727,NT-006014,MD-230,2026-07-03 06:06:00,v2,1.0,0.9717,0.907,1.0,0.9599,0.9499,1.0,0.9818,PASS
AU-11728,NT-006015,MD-229,2026-07-02 18:11:19,v2,0.8195,0.9329,0.8468,0.9645,0.8202,0.8516,0.911,0.8746,PASS
AU-11729,NT-006016,MD-233,2026-07-05 17:12:34,v2,0.9758,0.9405,0.9501,0.8043,1.0,0.8954,0.9569,0.945,PASS
AU-11730,NT-006023,MD-210,2026-07-06 01:51:40,v2,0.9995,0.9068,1.0,0.9528,0.9188,0.9223,0.9987,0.9597,PASS
AU-11731,NT-006026,MD-208,2026-07-05 04:54:44,v2,0.95,0.9284,1.0,0.9382,0.9975,0.9438,0.9386,0.9492,PASS
AU-11732,NT-006027,MD-224,2026-07-03 18:03:48,v2,0.8157,0.8628,0.9835,0.8918,0.9821,0.9359,0.769,0.8615,PASS
AU-11733,NT-006031,MD-224,2026-07-04 22:36:35,v2,0.8908,0.8233,0.9566,0.9716,0.9448,0.9399,0.954,0.8995,PASS
AU-11734,NT-006036,MD-209,2026-07-05 19:17:24,v2,0.8467,0.7853,0.8529,0.8728,0.8029,0.9232,0.8723,0.7098,FAIL
AU-11735,NT-006041,MD-205,2026-07-03 01:25:13,v2,0.8095,0.8475,0.8401,0.8668,0.8822,0.7698,0.9544,0.846,FAIL
AU-11736,NT-006044,MD-206,2026-07-03 20:42:18,v2,0.9651,0.9605,0.8775,0.9312,0.9547,0.967,0.9687,0.9556,PASS
AU-11737,NT-006045,MD-223,2026-07-06 11:55:27,v2,0.9661,0.9357,0.8788,1.0,0.8855,1.0,0.9382,0.8098,FAIL
AU-11738,NT-006050,MD-201,2026-07-05 04:32:02,v2,0.9508,1.0,1.0,0.9971,1.0,0.9897,0.9775,0.9797,PASS
AU-11739,NT-006052,MD-204,2026-07-05 04:51:50,v2,0.9763,0.986,1.0,0.9898,1.0,1.0,0.9345,0.9806,PASS
AU-11740,NT-006055,MD-225,2026-07-03 05:08:01,v2,0.8239,0.8504,0.8012,0.7858,0.8972,0.8606,0.8995,0.8423,FAIL
AU-11741,NT-006063,MD-230,2026-07-03 10:36:38,v2,0.9615,0.8548,0.9451,0.9017,0.9322,0.9929,0.9062,0.7783,FAIL
AU-11742,NT-006066,MD-205,2026-07-06 02:05:42,v2,0.8466,0.8966,0.9201,0.8978,0.8758,0.9256,0.931,0.8832,PASS
AU-11743,NT-006070,MD-223,2026-07-06 19:06:13,v2,0.8982,0.9461,1.0,1.0,1.0,0.9778,1.0,0.8009,FAIL
AU-11744,NT-006071,MD-233,2026-07-06 07:13:36,v2,0.8719,0.7949,0.8838,0.9507,0.9164,0.8352,0.9489,0.8714,PASS
AU-11745,NT-006075,MD-225,2026-07-05 01:42:56,v2,0.9713,0.9584,0.9624,0.9428,0.9735,0.8845,1.0,0.9635,PASS
AU-11746,NT-006076,MD-213,2026-07-05 13:49:24,v2,0.831,0.9119,0.8888,0.9334,0.9365,0.8334,0.8463,0.8766,PASS
AU-11747,NT-006079,MD-221,2026-07-04 04:23:49,v2,1.0,1.0,0.9897,1.0,0.8921,0.9935,0.9842,0.9868,PASS
AU-11748,NT-006084,MD-224,2026-07-04 20:27:47,v2,0.617,0.6377,0.62,0.6742,0.647,0.5397,0.6716,0.541,FAIL
AU-11749,NT-006085,MD-208,2026-07-06 10:30:51,v2,0.9776,0.9463,0.8616,0.9511,0.9625,0.8455,0.8902,0.9445,PASS
AU-11750,NT-006089,MD-231,2026-07-06 11:08:04,v2,0.9877,1.0,1.0,1.0,0.9635,1.0,1.0,0.992,PASS
AU-11751,NT-006093,MD-232,2026-07-04 14:33:40,v2,1.0,0.958,1.0,0.9749,1.0,1.0,0.993,0.9863,PASS
AU-11752,NT-006094,MD-233,2026-07-05 18:42:04,v2,1.0,1.0,0.9062,0.9374,1.0,0.9969,0.943,0.9832,PASS
AU-11753,NT-006096,MD-217,2026-07-04 06:22:37,v2,0.8485,0.9298,0.917,0.8664,0.9362,0.9434,0.9232,0.895,PASS
AU-11754,NT-006103,MD-222,2026-07-06 14:50:43,v2,1.0,0.9906,0.8476,0.9781,1.0,1.0,0.9554,0.9834,PASS
AU-11755,NT-006107,MD-207,2026-07-05 22:07:44,v2,0.9924,0.9815,0.9681,0.9433,1.0,1.0,1.0,0.9855,PASS
AU-11756,NT-006109,MD-228,2026-07-07 09:45:04,v2,0.9742,1.0,1.0,1.0,1.0,1.0,0.9489,0.8359,FAIL
AU-11757,NT-006110,MD-210,2026-07-07 07:11:24,v2,0.8866,0.907,0.955,0.9407,0.9587,0.9304,0.928,0.9141,PASS
AU-11758,NT-006114,MD-226,2026-07-07 00:52:15,v2,0.8828,0.9571,0.931,1.0,0.9373,0.8146,1.0,0.9293,PASS
AU-11759,NT-006116,MD-213,2026-07-05 00:56:56,v2,0.9524,0.9152,0.9755,0.9439,0.9792,0.9618,0.9944,0.9508,PASS
AU-11760,NT-006117,MD-201,2026-07-04 11:02:35,v2,1.0,0.9397,0.9142,1.0,0.9696,0.9279,1.0,0.974,PASS
AU-11761,NT-006118,MD-232,2026-07-04 11:30:28,v2,0.8969,0.892,0.8705,0.9243,0.8802,0.8166,0.9431,0.896,PASS
AU-11762,NT-006119,MD-217,2026-07-06 16:43:02,v2,0.8015,0.8107,0.7258,0.7123,0.8833,0.8466,0.8464,0.806,FAIL
AU-11763,NT-006122,MD-214,2026-07-06 22:55:42,v2,0.8079,0.8758,0.9483,0.9397,0.9063,0.9419,0.9618,0.877,PASS
AU-11764,NT-006124,MD-217,2026-07-05 18:07:28,v2,0.8715,0.876,0.9003,0.9991,0.7686,0.8172,0.9285,0.7618,FAIL
AU-11765,NT-006129,MD-202,2026-07-05 03:31:25,v2,0.9019,0.9805,1.0,0.9716,1.0,1.0,0.8618,0.9441,PASS
AU-11766,NT-006137,MD-212,2026-07-05 22:40:01,v2,1.0,0.9801,1.0,0.9499,0.9966,1.0,0.8689,0.8269,FAIL
AU-11767,NT-006138,MD-232,2026-07-07 03:31:33,v2,0.9663,0.9757,0.9325,0.9026,0.848,0.9067,0.9925,0.9484,PASS
AU-11768,NT-006141,MD-220,2026-07-05 14:23:48,v2,0.967,0.9423,1.0,1.0,0.9543,0.9791,1.0,0.9684,PASS
AU-11769,NT-006142,MD-232,2026-07-07 00:54:34,v2,0.782,0.8682,0.9212,0.9135,0.8585,0.9426,0.8802,0.8492,FAIL
AU-11770,NT-006143,MD-215,2026-07-07 13:18:01,v2,0.7898,0.7809,0.7349,0.8158,0.7454,0.6906,0.7972,0.7788,FAIL
AU-11771,NT-006147,MD-203,2026-07-07 14:12:22,v2,0.8079,0.955,0.866,0.9586,0.8536,0.8964,0.8435,0.8752,PASS
AU-11772,NT-006149,MD-209,2026-07-08 19:14:36,v2,0.9551,0.9761,0.9388,0.9425,0.8255,0.8521,0.8888,0.9335,PASS
AU-11773,NT-006152,MD-230,2026-07-08 11:01:46,v2,0.9069,0.8486,0.9031,0.9273,0.9765,0.8821,0.8497,0.8942,PASS
AU-11774,NT-006156,MD-230,2026-07-09 14:34:00,v2,1.0,0.9044,0.9226,1.0,0.8958,1.0,0.9991,0.9617,PASS
AU-11775,NT-006160,MD-216,2026-07-06 08:07:18,v2,0.868,0.9577,0.8687,0.8795,0.9089,0.8465,0.7324,0.8811,PASS
AU-11776,NT-006161,MD-222,2026-07-06 02:42:35,v2,0.943,0.9414,0.972,1.0,0.9749,0.9639,0.9996,0.9596,PASS
AU-11777,NT-006162,MD-220,2026-07-08 06:32:28,v2,1.0,0.9408,1.0,0.9146,0.9641,0.9549,0.9461,0.9654,PASS
AU-11778,NT-006168,MD-207,2026-07-07 10:27:39,v2,1.0,1.0,0.931,1.0,1.0,1.0,0.9928,0.9958,PASS
AU-11779,NT-006170,MD-227,2026-07-08 14:53:50,v2,1.0,0.9736,0.9242,0.9891,0.9271,1.0,1.0,0.9812,PASS
AU-11780,NT-006171,MD-217,2026-07-07 00:25:38,v2,1.0,0.8398,0.9952,0.913,0.9175,1.0,0.9953,0.9423,PASS
